loan_id,borrower_income,loan_amount,interest_rate,loan_term,credit_score,property_value,ltv_ratio,dti_ratio,loan_status,origination_date,state
LN000001,94934.28,404951.66,3.74,20,597,530249.24,76.37,20.5,Current,2005-01-27,FL
LN000002,82234.71,369347.53,4.14,20,640,458707.09,80.52,31.84,Current,2005-01-27,KY
LN000003,97953.77,304472.28,3.66,20,562,463379.9,65.71,39.76,Current,2005-01-27,TX
LN000004,115460.6,251479.74,4.02,15,595,332528.27,75.63,26.98,Current,2005-01-27,CA
LN000005,80316.93,352366.75,2.83,30,703,475709.77,74.07,33.02,Paid Off,2005-01-27,TX
LN000006,80317.26,329511.4,4.41,30,604,530348.38,62.13,18.87,Current,2005-01-27,CA
LN000007,116584.26,367139.49,4.25,20,686,434231.6,84.55,44.32,Current,2005-01-27,NY
LN000008,100348.69,347637.89,3.64,15,732,496126.09,70.07,37.2,Paid Off,2005-01-27,IL
LN000009,75610.51,378716.45,4.74,30,641,490327.39,77.24,38.09,Current,2005-01-27,MI
LN000010,95851.2,259857.36,4.95,20,675,344439.57,75.44,39.88,Current,2005-01-27,MI
LN000011,75731.65,398804.55,3.04,30,687,528933.83,75.4,35.78,Current,2005-01-27,KY
LN000012,75685.4,314819.97,3.68,30,588,498001.49,63.22,30.16,Current,2005-01-27,KY
LN000013,89839.25,455644.57,3.67,15,619,626707.86,72.7,46.3,Current,2005-01-27,TX
LN000014,46734.4,248310.91,3.55,15,599,337511.93,73.57,36.57,Current,2005-01-27,OK
LN000015,50501.64,430197.29,4.87,30,623,524571.44,82.01,33.34,Current,2005-01-27,NY
LN000016,73754.25,314843.31,4.1,20,685,369531.95,85.2,34.91,Paid Off,2005-01-27,MA
LN000017,64743.38,251143.65,4.05,15,620,328939.62,76.35,34.7,Current,2005-01-27,KY
LN000018,91284.95,263708.56,2.75,30,648,421236.21,62.6,33.24,Current,2005-01-27,FL
LN000019,66839.52,275973.95,4.73,15,597,411253.94,67.11,39.46,Current,2005-01-27,MI
LN000020,56753.93,331812.45,3.32,15,711,510889.24,64.95,25.64,Default,2005-01-27,TX
LN000021,114312.98,339212.66,4.29,15,622,532194.7,63.74,26.37,Current,2005-01-27,GA
LN000022,80484.47,256972.5,4.46,30,726,362050.49,70.98,40.59,Current,2005-01-27,FL
LN000023,86350.56,298173.41,5.27,20,653,445821.42,66.88,33.55,Current,2005-01-27,PA
LN000024,56505.04,460670.28,3.27,20,579,692226.23,66.55,44.71,Current,2005-01-27,TX
LN000025,74112.35,429565.74,1.99,20,641,696885.46,61.64,39.09,Default,2005-01-27,TX
LN000026,87218.45,332724.28,4.39,15,596,549684.0,60.53,29.47,Current,2005-01-27,GA
LN000027,61980.13,302850.26,5.6,30,679,480081.85,63.08,40.75,Current,2005-01-27,NY
LN000028,92513.96,309002.35,5.18,15,636,474177.81,65.17,46.97,Current,2005-01-27,GA
LN000029,72987.23,346013.85,4.41,20,658,474449.7,72.93,39.47,Current,2005-01-27,NC
LN000030,79166.13,223290.56,3.88,20,631,296473.16,75.32,41.66,Default,2005-01-27,KY
LN000031,72965.87,280696.76,4.86,30,622,437101.47,64.22,33.28,Current,2005-01-27,IL
LN000032,122045.56,174856.19,3.52,15,601,240373.63,72.74,44.93,Current,2005-01-27,TX
LN000033,84730.06,329941.73,4.61,20,691,469651.46,70.25,29.19,Current,2005-01-27,PA
LN000034,63845.78,348539.7,4.63,30,641,532099.67,65.5,38.39,Current,2005-01-27,OK
LN000035,101450.9,263761.02,5.05,15,634,438103.22,60.21,60.7,Current,2005-01-27,TX
LN000036,60583.13,418049.01,6.32,15,640,564850.67,74.01,40.39,Current,2005-01-27,GA
LN000037,89177.27,208067.58,4.54,20,616,258245.92,80.57,30.79,Current,2005-01-27,CA
LN000038,45806.6,190171.88,3.87,20,634,284738.23,66.79,30.77,Current,2005-01-27,TX
LN000039,58436.28,316833.89,4.23,15,660,495407.44,63.95,34.29,Current,2005-01-27,TX
LN000040,88937.22,378532.37,2.92,15,598,437047.41,86.61,43.51,Current,2005-01-27,NC
LN000041,99769.33,426294.58,3.73,20,605,624600.64,68.25,36.46,Delinquent,2005-01-27,PA
LN000042,88427.37,265583.68,3.94,15,718,398126.42,66.71,28.51,Default,2005-01-27,NC
LN000043,82687.03,380901.06,3.86,20,631,444391.71,85.71,28.5,Current,2005-01-27,PA
LN000044,78977.93,297111.86,4.36,15,622,351556.7,84.51,36.52,Current,2005-01-27,TX
LN000045,55429.56,287052.95,3.63,20,582,390811.99,73.45,35.42,Current,2005-01-27,CA
LN000046,70603.12,366274.5,5.09,30,692,490477.24,74.68,39.55,Delinquent,2005-01-27,IL
LN000047,75787.22,348924.22,4.25,20,597,524442.08,66.53,44.17,Paid Off,2005-01-27,MA
LN000048,106142.44,181770.59,4.24,20,649,291537.06,62.35,62.27,Paid Off,2005-01-27,CA
LN000049,91872.37,410740.53,4.0,30,564,532026.96,77.2,20.38,Delinquent,2005-01-27,CA
LN000050,49739.2,403506.85,4.37,15,690,640992.25,62.95,41.87,Current,2005-01-27,CA
LN000051,91481.68,253082.8,4.87,30,708,344432.33,73.48,35.98,Default,2005-01-27,MI
LN000052,77298.35,329685.27,3.6,20,674,373729.62,88.21,16.55,Current,2005-01-27,IL
LN000053,71461.56,337052.26,3.76,15,573,380484.44,88.59,47.5,Current,2005-01-27,NY
LN000054,97233.53,319550.53,4.02,30,691,475663.41,67.18,39.21,Current,2005-01-27,NY
LN000055,105619.99,258727.11,3.24,15,608,328653.36,78.72,43.0,Paid Off,2005-01-27,CA
LN000056,103625.6,249628.25,3.64,15,591,336325.19,74.22,18.01,Paid Off,2005-01-27,MA
LN000057,68215.65,298083.44,3.89,30,630,345521.65,86.27,32.8,Current,2005-01-27,NC
LN000058,78815.75,387954.68,4.91,15,629,569324.95,68.14,24.21,Current,2005-01-27,GA
LN000059,91625.27,340770.01,4.45,30,624,566900.57,60.11,56.63,Default,2005-01-27,FL
LN000060,104510.9,272203.93,4.4,20,713,419570.29,64.88,46.45,Current,2005-01-27,NY
LN000061,75416.52,357877.4,4.89,15,750,507730.62,70.49,28.19,Current,2005-01-27,OK
LN000062,81286.82,86359.3,4.15,20,581,124308.72,69.47,19.63,Current,2005-01-27,PA
LN000063,62873.3,386157.43,4.54,20,615,461133.67,83.74,36.94,Current,2005-01-27,IL
LN000064,61075.87,169521.47,4.17,15,657,210803.5,80.42,45.92,Current,2005-01-27,IL
LN000065,101250.52,272816.93,4.45,30,630,395463.14,68.99,17.65,Current,2005-01-27,FL
LN000066,112124.8,216024.76,3.81,15,669,292985.19,73.73,25.68,Paid Off,2005-01-27,NY
LN000067,83559.8,202898.89,2.42,20,695,322744.24,62.87,23.94,Current,2005-01-27,MA
LN000068,105070.66,387062.01,4.15,20,687,445183.4,86.94,43.67,Delinquent,2005-01-27,MA
LN000069,92232.72,264922.41,5.32,30,680,300833.7,88.06,31.3,Current,2005-01-27,PA
LN000070,72097.6,325987.79,4.94,15,732,364663.63,89.39,31.72,Current,2005-01-27,CA
LN000071,92227.91,296480.96,4.97,20,570,344518.62,86.06,36.75,Current,2005-01-27,GA
LN000072,115760.73,335778.06,5.18,20,724,514848.36,65.22,26.22,Current,2005-01-27,NY
LN000073,84283.48,305761.64,4.32,20,629,498097.56,61.39,20.56,Paid Off,2005-01-27,MA
LN000074,116292.87,203775.58,4.4,30,689,263317.1,77.39,48.7,Current,2005-01-27,FL
LN000075,32605.1,374720.01,3.79,20,598,428848.64,87.38,49.62,Current,2005-01-27,PA
LN000076,101438.05,262968.26,4.01,20,604,402581.27,65.32,36.8,Current,2005-01-27,TX
LN000077,86740.94,183256.36,4.71,15,683,304355.49,60.21,37.52,Paid Off,2005-01-27,PA
LN000078,79019.85,267891.36,5.15,15,553,318293.52,84.16,47.61,Current,2005-01-27,MI
LN000079,86835.22,412556.98,4.15,20,699,662169.1,62.3,36.57,Current,2005-01-27,MA
LN000080,45248.62,363766.63,3.91,20,712,502362.52,72.41,30.81,Current,2005-01-27,TX
LN000081,80606.56,273851.09,4.25,15,658,340752.28,80.37,35.39,Default,2005-01-27,OK
LN000082,92142.25,273805.67,4.7,30,657,408032.26,67.1,48.93,Current,2005-01-27,KY
LN000083,114557.88,275877.37,3.17,30,608,441270.51,62.52,35.53,Current,2005-01-27,PA
LN000084,74634.6,455756.1,2.53,30,683,548438.76,83.1,28.31,Current,2005-01-27,FL
LN000085,68830.13,328645.16,3.84,30,667,416506.06,78.91,36.47,Current,2005-01-27,FL
LN000086,74964.86,332253.12,3.33,30,603,370591.91,89.65,41.56,Current,2005-01-27,MI
LN000087,103308.04,377271.26,3.87,30,630,536435.85,70.33,40.36,Current,2005-01-27,GA
LN000088,91575.02,317909.19,4.14,30,642,513976.44,61.85,40.53,Current,2005-01-27,CA
LN000089,74404.8,280571.84,3.91,30,630,342033.56,82.03,26.73,Current,2005-01-27,PA
LN000090,95265.35,285273.76,5.34,15,581,377086.86,75.65,42.7,Current,2005-01-27,MA
LN000091,86941.55,294629.91,4.5,30,684,443745.69,66.4,35.28,Current,2005-01-27,KY
LN000092,104372.9,297208.33,4.48,30,637,356143.4,83.45,27.88,Paid Off,2005-01-27,MI
LN000093,70958.94,354572.22,4.72,30,650,536315.13,66.11,42.62,Paid Off,2005-01-27,NY
LN000094,78446.76,303895.94,3.4,20,621,448092.91,67.82,30.46,Current,2005-01-27,MA
LN000095,77157.84,354948.01,5.03,15,673,565421.21,62.78,19.26,Delinquent,2005-01-27,FL
LN000096,55729.7,293946.26,4.19,15,659,408355.29,71.98,24.99,Current,2005-01-27,OK
LN000097,90922.41,305897.64,4.75,15,710,421533.13,72.57,33.18,Paid Off,2005-01-27,MA
LN000098,90221.11,150134.95,3.45,30,674,199020.69,75.44,40.78,Current,2005-01-27,IL
LN000099,85102.27,368724.58,3.08,30,639,453709.17,81.27,26.36,Current,2005-01-27,NC
LN000100,80308.26,325986.64,4.86,20,613,373910.67,87.18,32.59,Current,2005-01-27,FL
LN000101,56692.59,374850.76,4.53,15,693,584498.57,64.13,22.83,Paid Off,2005-01-27,PA
LN000102,76587.09,82780.85,3.57,30,635,134318.12,61.63,44.82,Current,2005-01-27,OK
LN000103,78145.71,456628.1,3.6,15,641,754060.0,60.56,52.17,Current,2005-01-27,IL
LN000104,68954.45,289530.78,5.09,20,641,450220.65,64.31,51.09,Current,2005-01-27,TX
LN000105,81774.29,383113.71,3.36,20,629,480462.74,79.74,44.65,Current,2005-01-27,KY
LN000106,93081.02,222007.06,5.48,20,642,271321.63,81.82,43.63,Current,2005-01-27,FL
LN000107,122723.72,345958.04,3.57,15,746,413849.31,83.6,14.28,Current,2005-01-27,PA
LN000108,88491.56,220993.83,4.73,30,597,328316.35,67.31,36.77,Current,2005-01-27,IL
LN000109,90151.01,253217.33,4.0,30,609,366043.48,69.18,30.04,Paid Off,2005-01-27,IL
LN000110,83511.08,443552.35,4.7,20,719,595419.92,74.49,43.8,Current,2005-01-27,CA
LN000111,46624.58,285698.82,3.84,30,631,461582.59,61.9,9.62,Current,2005-01-27,IL
LN000112,84469.72,316307.47,4.13,20,627,403792.07,78.33,36.93,Current,2005-01-27,KY
LN000113,86204.6,365255.08,4.28,15,701,408051.29,89.51,32.86,Current,2005-01-27,OK
LN000114,134264.84,337176.14,3.5,20,578,476074.83,70.82,46.18,Default,2005-01-27,MI
LN000115,81152.78,311281.42,4.81,15,691,376920.53,82.59,50.48,Delinquent,2005-01-27,OK
LN000116,91030.95,327372.08,3.87,20,652,436490.19,75.0,25.71,Current,2005-01-27,IL
LN000117,84305.76,480256.17,4.08,30,673,752347.49,63.83,26.16,Paid Off,2005-01-27,PA
LN000118,61626.44,295678.59,3.5,30,672,381682.68,77.47,37.3,Paid Off,2005-01-27,FL
LN000119,107856.46,315082.43,2.33,20,618,456666.17,69.0,52.34,Paid Off,2005-01-27,PA
LN000120,100038.66,378799.08,4.11,30,702,620655.53,61.03,35.6,Current,2005-01-27,MI
LN000121,100820.64,382914.44,6.06,30,622,484408.16,79.05,22.21,Current,2005-01-27,NC
LN000122,66812.25,389027.27,4.84,30,670,453581.06,85.77,28.94,Current,2005-01-27,GA
LN000123,113055.89,347904.77,4.24,15,711,494582.7,70.34,37.03,Current,2005-01-27,FL
LN000124,56962.98,214274.63,4.05,30,718,298811.91,71.71,37.4,Current,2005-01-27,TX
LN000125,96737.14,422507.36,4.27,15,636,487148.84,86.73,27.96,Delinquent,2005-01-27,NC
LN000126,128809.11,214024.1,4.66,20,673,253558.23,84.41,28.74,Current,2005-01-27,KY
LN000127,65189.27,322697.66,3.36,30,632,396198.0,81.45,25.18,Current,2005-01-27,NC
LN000128,73674.05,243429.31,5.09,30,775,360828.93,67.46,46.41,Current,2005-01-27,PA
LN000129,86993.03,295189.62,4.79,30,689,338107.27,87.31,26.65,Current,2005-01-27,CA
LN000130,74930.49,324657.18,4.79,20,654,502312.79,64.63,30.35,Current,2005-01-27,OK
LN000131,53986.73,324101.79,4.58,15,665,411280.43,78.8,30.07,Default,2005-01-27,IL
LN000132,86371.26,331644.06,4.26,15,670,544893.31,60.86,18.94,Current,2005-01-27,FL
LN000133,63753.93,421028.35,4.75,30,671,530853.47,79.31,26.37,Delinquent,2005-01-27,MI
LN000134,94471.85,334015.07,4.69,20,638,488938.51,68.31,47.28,Paid Off,2005-01-27,IL
LN000135,66611.52,281688.25,3.98,20,630,383299.86,73.49,22.91,Current,2005-01-27,TX
LN000136,115998.69,372306.54,3.82,20,642,529160.69,70.36,25.36,Paid Off,2005-01-27,GA
LN000137,69334.93,389210.29,4.33,20,593,597106.71,65.18,21.67,Current,2005-01-27,IL
LN000138,78558.77,207929.41,5.41,20,685,264341.38,78.66,34.09,Current,2005-01-27,PA
LN000139,101270.34,344805.01,3.32,15,609,398806.31,86.46,53.85,Current,2005-01-27,FL
LN000140,60382.71,352587.96,3.15,15,597,397181.39,88.77,33.67,Current,2005-01-27,CA
LN000141,89549.2,277682.74,4.37,15,649,422200.23,65.77,35.67,Default,2005-01-27,TX
LN000142,111142.86,403178.01,4.29,30,643,494568.4,81.52,27.05,Current,2005-01-27,MA
LN000143,52850.34,288745.83,4.38,20,662,361247.56,79.93,34.38,Current,2005-01-27,KY
LN000144,88692.68,309418.23,4.43,30,621,440131.38,70.3,47.29,Current,2005-01-27,GA
LN000145,90197.66,287019.61,4.08,20,630,473841.02,60.57,36.43,Current,2005-01-27,PA
LN000146,100636.46,301168.43,5.37,15,684,373224.04,80.69,56.32,Current,2005-01-27,KY
LN000147,60260.99,217779.37,3.05,30,681,246454.76,88.36,47.59,Delinquent,2005-01-27,MI
LN000148,58590.87,191996.18,3.63,15,679,243145.16,78.96,34.14,Current,2005-01-27,CA
LN000149,95438.83,419587.88,4.17,20,651,574315.46,73.06,33.94,Current,2005-01-27,KY
LN000150,90939.69,236477.9,3.02,20,658,312163.02,75.75,51.31,Current,2005-01-27,OK
LN000151,90009.86,225645.57,4.12,20,661,341944.92,65.99,36.37,Current,2005-01-27,MI
LN000152,91928.96,138495.74,5.5,15,617,167840.41,82.52,49.09,Current,2005-01-27,FL
LN000153,71399.51,252077.87,4.27,20,723,305947.24,82.39,55.03,Paid Off,2005-01-27,KY
LN000154,89645.07,200768.27,4.42,15,716,311918.98,64.37,32.96,Current,2005-01-27,PA
LN000155,90861.45,423151.14,3.3,30,689,490102.29,86.34,38.52,Current,2005-01-27,MA
LN000156,70712.97,375736.28,3.79,20,628,551938.98,68.08,44.8,Current,2005-01-27,OK
LN000157,122315.49,248388.72,3.97,20,676,277629.55,89.47,42.68,Current,2005-01-27,OK
LN000158,94476.66,468932.69,4.01,20,698,655968.35,71.49,42.6,Current,2005-01-27,KY
LN000159,61173.93,373632.41,5.21,30,588,571858.43,65.34,21.67,Current,2005-01-27,GA
LN000160,98131.07,275637.65,4.67,20,734,390689.42,70.55,26.52,Current,2005-01-27,NY
LN000161,65506.37,112544.57,3.42,15,563,153738.05,73.21,30.05,Delinquent,2005-01-27,MI
LN000162,100741.69,471820.69,4.43,15,685,760029.83,62.08,47.14,Current,2005-01-27,GA
LN000163,108171.91,195782.06,4.62,20,722,253123.19,77.35,22.65,Current,2005-01-27,NC
LN000164,68586.35,176595.09,5.11,20,644,226610.31,77.93,50.23,Current,2005-01-27,IL
LN000165,104267.52,376692.78,5.44,30,642,458442.67,82.17,42.8,Current,2005-01-27,PA
LN000166,93255.62,482981.43,3.49,30,683,793397.39,60.88,46.54,Paid Off,2005-01-27,NY
LN000167,101441.2,403820.46,3.64,30,742,529689.89,76.24,25.7,Current,2005-01-27,FL
LN000168,122935.86,342293.18,3.31,20,635,555786.03,61.59,35.72,Current,2005-01-27,OK
LN000169,80092.24,344606.58,4.07,30,610,425260.0,81.03,37.99,Current,2005-01-27,PA
LN000170,69925.28,364006.17,4.6,30,628,590230.76,61.67,37.55,Paid Off,2005-01-27,MI
LN000171,67209.71,356919.64,4.99,15,572,408600.05,87.35,37.96,Current,2005-01-27,CA
LN000172,68683.79,321089.36,4.19,30,694,396101.1,81.06,32.23,Current,2005-01-27,IL
LN000173,83457.97,307815.08,4.01,15,624,409210.52,75.22,36.35,Current,2005-01-27,MA
LN000174,91823.04,295305.52,4.36,15,639,403174.34,73.25,45.34,Current,2005-01-27,IL
LN000175,90533.82,243452.66,3.62,30,695,380869.8,63.92,23.33,Current,2005-01-27,PA
LN000176,101543.66,278949.37,5.82,15,631,405862.72,68.73,50.47,Current,2005-01-27,FL
LN000177,85260.04,173028.24,3.04,20,687,201034.86,86.07,44.82,Paid Off,2005-01-27,OK
LN000178,114070.68,292624.53,4.39,20,598,335834.38,87.13,25.35,Current,2005-01-27,TX
LN000179,79706.86,225855.67,5.77,30,697,376285.44,60.02,38.84,Current,2005-01-27,TX
LN000180,139403.38,217230.8,4.26,20,667,279130.53,77.82,44.01,Default,2005-01-27,PA
LN000181,97513.35,313492.06,4.11,15,645,384280.26,81.58,22.65,Current,2005-01-27,KY
LN000182,67856.85,404400.17,3.98,20,656,514750.21,78.56,35.42,Paid Off,2005-01-27,GA
LN000183,63582.15,368873.75,4.11,30,585,590666.82,62.45,34.21,Current,2005-01-27,MI
LN000184,94649.45,182212.45,5.28,30,655,273872.94,66.53,28.54,Current,2005-01-27,IL
LN000185,80530.74,225777.89,2.59,15,642,334435.19,67.51,35.92,Current,2005-01-27,FL
LN000186,99280.01,370557.84,5.4,30,587,436198.06,84.95,29.0,Current,2005-01-27,MI
LN000187,94464.75,226313.45,3.18,20,616,306259.48,73.9,48.74,Current,2005-01-27,IL
LN000188,83543.42,283152.51,4.05,30,643,379536.35,74.6,28.73,Paid Off,2005-01-27,CA
LN000189,68064.13,341253.91,3.93,15,619,387582.45,88.05,42.92,Paid Off,2005-01-27,TX
LN000190,54703.06,227374.17,4.69,30,529,287405.85,79.11,18.45,Current,2005-01-27,NC
LN000191,76069.7,307903.16,3.05,20,703,354074.34,86.96,33.38,Current,2005-01-27,OK
LN000192,102127.98,199948.09,4.6,15,642,271317.42,73.7,35.12,Current,2005-01-27,MI
LN000193,89281.87,254897.43,5.77,20,536,395293.46,64.48,33.06,Paid Off,2005-01-27,CA
LN000194,60085.22,323983.65,3.23,15,756,368590.18,87.9,31.04,Current,2005-01-27,NC
LN000195,88463.62,180525.47,4.39,30,712,244743.28,73.76,28.32,Current,2005-01-27,OK
LN000196,92706.35,333035.61,3.75,15,632,508847.96,65.45,42.55,Current,2005-01-27,IL
LN000197,67322.85,298527.17,4.57,15,607,432197.88,69.07,44.99,Current,2005-01-27,MI
LN000198,88074.5,341436.75,4.26,30,670,554964.43,61.52,34.18,Paid Off,2005-01-27,FL
LN000199,86164.17,316793.56,3.77,20,660,427816.02,74.05,24.03,Current,2005-01-27,TX
LN000200,62140.59,402310.53,4.62,30,677,470022.73,85.59,52.94,Current,2005-01-27,IL
LN000201,92155.75,309391.84,5.6,15,608,351552.02,88.01,26.2,Current,2005-01-27,TX
LN000202,96215.69,267794.58,4.11,30,704,304387.89,87.98,20.41,Current,2005-01-27,PA
LN000203,106661.02,309172.31,4.79,15,626,484923.68,63.76,14.87,Current,2005-01-27,NC
LN000204,106076.04,340747.35,3.28,30,684,476825.7,71.46,35.99,Current,2005-01-27,MA
LN000205,57446.61,303664.51,3.53,30,610,499063.54,60.85,32.83,Current,2005-01-27,NC
LN000206,66243.5,303044.38,4.6,20,782,353796.65,85.65,45.31,Current,2005-01-27,MA
LN000207,95300.71,247350.62,5.36,15,684,349549.57,70.76,41.11,Current,2005-01-27,OK
LN000208,95275.72,250282.43,4.52,20,794,317080.07,78.93,37.9,Current,2005-01-27,IL
LN000209,95300.95,194804.6,4.02,15,691,239179.73,81.45,32.29,Delinquent,2005-01-27,NY
LN000210,162054.63,431218.26,4.25,30,621,591558.06,72.9,46.1,Current,2005-01-27,TX
LN000211,96417.81,206710.26,3.31,15,691,298743.3,69.19,53.67,Current,2005-01-27,TX
LN000212,107711.31,248032.11,4.7,20,695,279106.78,88.87,45.09,Current,2005-01-27,NY
LN000213,104080.04,246119.46,4.91,20,668,276741.93,88.93,30.36,Current,2005-01-27,KY
LN000214,98027.83,367119.33,3.91,20,681,534511.95,68.68,42.82,Current,2005-01-27,MI
LN000215,78694.62,277878.77,3.9,15,688,373549.44,74.39,30.98,Paid Off,2005-01-27,IL
LN000216,100179.38,393580.66,4.45,20,600,441306.53,89.19,23.95,Current,2005-01-27,NY
LN000217,69543.5,249488.2,3.92,20,596,414803.95,60.15,26.01,Current,2005-01-27,MA
LN000218,80263.63,320924.56,4.2,20,610,443386.32,72.38,31.42,Delinquent,2005-01-27,MI
LN000219,75292.73,237348.97,5.82,30,656,376662.33,63.01,36.04,Current,2005-01-27,TX
LN000220,86637.48,460886.18,4.06,30,638,612272.04,75.27,55.61,Paid Off,2005-01-27,NC
LN000221,131293.17,210930.12,3.98,15,601,347266.67,60.74,26.18,Current,2005-01-27,MA
LN000222,47654.7,323236.55,3.76,15,688,447652.94,72.21,48.23,Paid Off,2005-01-27,IL
LN000223,98725.2,347533.27,4.81,20,664,521657.46,66.62,31.83,Default,2005-01-27,FL
LN000224,52745.68,331034.93,4.11,30,658,435576.57,76.0,14.84,Paid Off,2005-01-27,NC
LN000225,75561.36,286103.43,3.76,20,637,318317.8,89.88,29.94,Paid Off,2005-01-27,FL
LN000226,106779.01,290263.45,5.24,20,631,345485.58,84.02,46.77,Paid Off,2005-01-27,OK
LN000227,86285.6,303285.86,5.31,30,607,355263.53,85.37,38.45,Current,2005-01-27,MI
LN000228,63445.1,288974.85,3.8,30,696,365522.82,79.06,39.04,Current,2005-01-27,MA
LN000229,70693.93,372290.93,2.85,30,614,607853.73,61.25,48.29,Current,2005-01-27,MA
LN000230,98591.95,465789.23,5.01,15,660,703567.34,66.2,24.64,Current,2005-01-27,MA
LN000231,70392.67,258188.12,3.74,15,733,294224.98,87.75,24.48,Paid Off,2005-01-27,KY
LN000232,89329.17,197264.78,4.84,20,633,277902.72,70.98,12.36,Current,2005-01-27,MA
LN000233,85911.44,293378.85,2.77,15,698,464875.65,63.11,43.77,Paid Off,2005-01-27,FL
LN000234,71967.99,493478.2,4.92,30,678,608690.08,81.07,40.62,Default,2005-01-27,KY
LN000235,127878.88,239724.41,3.34,30,665,347508.61,68.98,42.24,Current,2005-01-27,OK
LN000236,97678.38,422933.76,4.8,15,671,621361.0,68.07,23.17,Current,2005-01-27,PA
LN000237,44497.15,425827.56,4.26,20,645,473460.93,89.94,18.96,Current,2005-01-27,CA
LN000238,88729.09,258480.88,3.53,20,651,301455.93,85.74,21.8,Current,2005-01-27,OK
LN000239,71764.27,342673.73,3.94,15,622,474366.8,72.24,25.77,Current,2005-01-27,GA
LN000240,102048.67,422129.75,4.76,20,652,472139.54,89.41,50.54,Paid Off,2005-01-27,KY
LN000241,69149.59,271565.42,4.33,20,620,341577.13,79.5,45.0,Delinquent,2005-01-27,FL
LN000242,82705.27,284731.47,4.69,20,700,346133.16,82.26,30.42,Current,2005-01-27,FL
LN000243,95099.75,256373.93,5.73,30,565,420661.72,60.95,37.99,Current,2005-01-27,IL
LN000244,102315.1,223893.25,3.08,30,674,351767.05,63.65,28.22,Current,2005-01-27,TX
LN000245,60994.07,251304.18,5.46,15,666,318136.54,78.99,38.64,Current,2005-01-27,MA
LN000246,78309.98,208204.48,4.33,30,662,239396.06,86.97,23.62,Current,2005-01-27,MI
LN000247,75501.09,302556.26,3.58,20,701,384382.38,78.71,42.5,Current,2005-01-27,FL
LN000248,71933.42,242252.01,3.25,30,635,378396.1,64.02,26.5,Current,2005-01-27,MA
LN000249,120309.08,317533.94,4.11,15,662,500267.73,63.47,43.06,Current,2005-01-27,NY
LN000250,93099.63,183307.83,4.94,30,564,214833.39,85.33,30.73,Paid Off,2005-01-27,TX
LN000251,59782.32,324816.02,4.15,20,629,506108.95,64.18,27.1,Current,2005-01-27,NY
LN000252,103357.24,362514.67,5.38,20,692,479472.62,75.61,51.13,Current,2005-01-27,MI
LN000253,127443.12,150469.83,3.16,15,583,246214.14,61.11,36.77,Current,2005-01-27,NC
LN000254,105649.31,328054.24,4.24,30,657,525558.72,62.42,31.78,Current,2005-01-27,MA
LN000255,54612.6,392075.17,3.31,30,616,489051.99,80.17,42.58,Current,2005-01-27,KY
LN000256,75315.32,209276.92,4.52,30,644,259405.98,80.68,21.6,Current,2005-01-27,GA
LN000257,110338.22,425442.93,4.92,20,619,605663.73,70.24,46.07,Current,2005-01-27,TX
LN000258,70846.61,331426.43,3.93,15,587,498623.35,66.47,33.61,Current,2005-01-27,MI
LN000259,93876.39,247124.11,2.3,30,669,292761.85,84.41,41.01,Current,2005-01-27,KY
LN000260,100492.68,295817.32,4.4,20,647,444750.48,66.51,19.52,Current,2005-01-27,FL
LN000261,66461.39,341874.52,4.58,20,680,448296.46,76.26,31.18,Current,2005-01-27,GA
LN000262,83809.49,305700.4,4.55,20,689,343305.13,89.05,35.05,Current,2005-01-27,PA
LN000263,20174.65,340406.7,5.18,30,711,528290.02,64.44,45.3,Delinquent,2005-01-27,FL
LN000264,64512.25,230949.48,3.45,30,656,261769.46,88.23,41.8,Default,2005-01-27,CA
LN000265,79948.64,312702.06,4.76,30,713,477504.02,65.49,31.08,Current,2005-01-27,OK
LN000266,60044.34,193971.41,5.14,30,601,251834.73,77.02,38.18,Current,2005-01-27,TX
LN000267,117648.23,291658.05,2.92,30,695,408998.88,71.31,47.57,Current,2005-01-27,MI
LN000268,56397.17,232206.93,4.49,30,672,261059.61,88.95,33.0,Paid Off,2005-01-27,CA
LN000269,76199.11,244835.25,3.87,30,661,358963.01,68.21,31.91,Current,2005-01-27,MA
LN000270,87614.81,392706.99,4.19,30,672,545504.11,71.99,16.1,Current,2005-01-27,TX
LN000271,113825.47,381848.26,4.51,30,601,426713.79,89.49,32.21,Current,2005-01-27,NC
LN000272,56282.76,345685.36,3.88,20,590,454286.61,76.09,17.6,Current,2005-01-27,NC
LN000273,108263.28,218076.54,3.74,30,735,290463.14,75.08,33.86,Current,2005-01-27,OK
LN000274,85204.66,276269.37,4.28,15,641,407877.88,67.73,44.88,Current,2005-01-27,TX
LN000275,65369.83,390982.33,3.43,20,640,482450.59,81.04,13.8,Current,2005-01-27,KY
LN000276,94242.07,310628.77,3.44,30,594,514020.62,60.43,47.34,Paid Off,2005-01-27,NY
LN000277,88981.19,473949.72,4.76,15,575,770833.21,61.49,31.7,Current,2005-01-27,IL
LN000278,72995.66,329498.84,3.39,30,645,422538.65,77.98,34.73,Current,2005-01-27,KY
LN000279,86396.04,314403.68,4.75,15,632,447548.21,70.25,29.98,Current,2005-01-27,OK
LN000280,77293.73,276816.27,4.6,15,650,312435.51,88.6,17.87,Current,2005-01-27,MI
LN000281,87270.35,310015.57,2.96,15,654,355948.11,87.1,27.17,Current,2005-01-27,NC
LN000282,98242.61,288564.76,3.74,15,774,354453.45,81.41,55.97,Default,2005-01-27,TX
LN000283,116720.34,353108.15,5.15,20,633,417660.17,84.54,24.04,Current,2005-01-27,KY
LN000284,60243.69,371752.67,3.51,20,728,464574.95,80.02,19.11,Default,2005-01-27,NY
LN000285,127660.67,241050.79,3.9,15,732,378015.34,63.77,36.41,Current,2005-01-27,CA
LN000286,45958.24,200157.53,4.6,30,687,241251.6,82.97,34.14,Current,2005-01-27,KY
LN000287,81964.3,162284.6,4.84,15,638,244751.89,66.31,31.77,Paid Off,2005-01-27,MA
LN000288,96766.34,338099.35,4.06,20,581,485055.11,69.7,35.14,Current,2005-01-27,CA
LN000289,90619.84,217247.5,3.8,30,673,256863.49,84.58,41.44,Current,2005-01-27,OK
LN000290,72546.01,138533.21,5.32,20,700,182051.14,76.1,29.13,Current,2005-01-27,CA
LN000291,80837.55,329143.4,5.55,20,737,383624.97,85.8,36.94,Current,2005-01-27,TX
LN000292,75139.98,486974.96,4.98,30,602,733494.79,66.39,45.24,Current,2005-01-27,GA
LN000293,73212.7,299544.68,4.31,15,637,382886.16,78.23,25.05,Current,2005-01-27,GA
LN000294,101992.04,362886.81,3.64,15,602,580491.38,62.51,11.78,Current,2005-01-27,PA
LN000295,92140.31,306137.2,3.63,15,618,386089.21,79.29,41.71,Current,2005-01-27,MA
LN000296,71141.81,292583.28,4.64,15,683,353037.32,82.88,60.03,Current,2005-01-27,TX
LN000297,102992.0,368930.74,4.56,30,616,475745.46,77.55,34.93,Default,2005-01-27,OK
LN000298,91145.99,278229.41,5.3,30,608,409239.46,67.99,37.02,Delinquent,2005-01-27,FL
LN000299,101257.24,320054.42,4.74,30,689,525193.55,60.94,32.04,Current,2005-01-27,GA
LN000300,97592.58,324127.34,3.12,20,672,509766.7,63.58,50.88,Paid Off,2005-01-27,OK
LN000301,68420.1,249893.22,5.04,30,667,317651.09,78.67,34.22,Current,2005-01-27,CA
LN000302,73796.38,374403.18,3.5,15,617,425300.57,88.03,33.13,Paid Off,2005-01-27,KY
LN000303,99945.87,286878.02,3.96,20,714,433376.46,66.2,44.11,Current,2005-01-27,GA
LN000304,97207.41,243319.11,4.44,15,650,296546.96,82.05,30.16,Current,2005-01-27,TX
LN000305,84581.97,340238.24,5.75,15,769,395655.62,85.99,22.15,Delinquent,2005-01-27,GA
LN000306,87346.55,232614.9,6.58,30,658,307583.99,75.63,43.82,Current,2005-01-27,NY
LN000307,110553.3,302113.59,4.71,30,533,377274.27,80.08,29.08,Current,2005-01-27,NY
LN000308,73168.57,299316.08,4.11,15,531,354428.01,84.45,25.25,Default,2005-01-27,NY
LN000309,95941.95,381442.17,4.65,15,681,562431.05,67.82,56.0,Default,2005-01-27,MA
LN000310,80956.15,335602.37,4.92,20,715,487037.6,68.91,33.21,Paid Off,2005-01-27,MI
LN000311,80646.38,298122.98,4.01,30,610,496715.78,60.02,39.94,Current,2005-01-27,GA
LN000312,106975.54,361332.47,5.6,20,755,406481.03,88.89,35.3,Current,2005-01-27,PA
LN000313,101508.33,404265.57,4.42,20,733,461878.72,87.53,26.14,Current,2005-01-27,NC
LN000314,101270.19,341835.77,4.62,20,660,412162.93,82.94,41.89,Current,2005-01-27,OK
LN000315,111109.58,300776.45,4.75,15,676,482227.76,62.37,38.15,Current,2005-01-27,MI
LN000316,85420.08,201612.28,4.57,20,694,274582.28,73.43,28.41,Current,2005-01-27,NY
LN000317,98639.06,220116.48,4.88,20,744,349076.78,63.06,39.33,Current,2005-01-27,CA
LN000318,78794.66,277108.15,3.79,15,684,458199.59,60.48,29.86,Current,2005-01-27,TX
LN000319,91483.33,254286.58,3.83,30,659,323991.84,78.49,23.96,Delinquent,2005-01-27,MA
LN000320,82397.14,285977.15,3.42,30,683,321956.13,88.82,22.94,Paid Off,2005-01-27,IL
LN000321,86939.92,304248.74,4.58,20,676,349365.68,87.09,37.7,Delinquent,2005-01-27,NY
LN000322,96903.14,339726.96,4.83,15,696,419920.71,80.9,31.17,Delinquent,2005-01-27,OK
LN000323,68635.59,294712.59,4.59,30,571,468547.31,62.9,50.02,Current,2005-01-27,CA
LN000324,126847.75,336487.62,5.51,20,665,493203.38,68.22,34.57,Paid Off,2005-01-27,TX
LN000325,64879.65,304835.58,4.25,20,673,437971.45,69.6,27.15,Current,2005-01-27,KY
LN000326,60716.23,151840.01,4.75,15,646,183172.6,82.89,36.58,Paid Off,2005-01-27,FL
LN000327,108162.22,229549.85,3.43,20,689,273054.29,84.07,22.06,Paid Off,2005-01-27,CA
LN000328,100833.25,289193.43,3.96,30,746,404165.71,71.55,34.16,Paid Off,2005-01-27,PA
LN000329,97482.4,209272.89,4.77,15,656,288506.93,72.54,38.19,Current,2005-01-27,CA
LN000330,97566.91,344994.65,4.89,30,684,562473.51,61.34,36.96,Current,2005-01-27,CA
LN000331,84755.06,414806.31,4.03,30,730,604021.46,68.67,48.03,Current,2005-01-27,MI
LN000332,67054.91,391407.14,4.2,30,658,532247.52,73.54,60.98,Current,2005-01-27,PA
LN000333,86516.09,283991.78,3.11,20,605,447164.31,63.51,41.71,Current,2005-01-27,KY
LN000334,71456.77,411804.46,3.98,20,680,559531.95,73.6,46.79,Current,2005-01-27,MA
LN000335,104502.39,311150.06,4.92,30,539,363513.13,85.6,60.43,Current,2005-01-27,GA
LN000336,82058.85,274718.55,4.68,30,535,354751.89,77.44,24.94,Current,2005-01-27,TX
LN000337,68490.06,253994.8,4.63,15,666,407252.48,62.37,36.31,Current,2005-01-27,CA
LN000338,78572.28,277314.77,4.29,15,532,421770.62,65.75,30.22,Current,2005-01-27,CA
LN000339,93258.63,270886.74,4.26,20,584,364897.8,74.24,43.43,Current,2005-01-27,NC
LN000340,73725.51,312781.22,3.75,20,630,441503.17,70.84,37.72,Current,2005-01-27,PA
LN000341,68555.59,312043.05,4.77,15,613,440976.63,70.76,26.82,Current,2005-01-27,OK
LN000342,89873.74,300228.45,4.57,30,642,395672.47,75.88,35.11,Paid Off,2005-01-27,CA
LN000343,89899.33,332770.36,4.62,20,705,429204.57,77.53,45.47,Current,2005-01-27,CA
LN000344,74861.14,389298.47,3.86,30,661,463970.61,83.91,21.96,Current,2005-01-27,PA
LN000345,75579.23,371216.56,2.63,15,608,528580.18,70.23,27.03,Current,2005-01-27,OK
LN000346,89641.0,188632.65,5.07,20,717,224125.13,84.16,25.53,Current,2005-01-27,PA
LN000347,56038.31,108455.91,3.89,20,578,154587.34,70.16,38.26,Current,2005-01-27,MI
LN000348,56850.72,370073.99,3.6,15,661,600155.77,61.66,47.41,Current,2005-01-27,MA
LN000349,70631.12,197484.1,4.77,20,572,257725.91,76.63,14.9,Current,2005-01-27,CA
LN000350,80731.06,283142.59,3.96,15,662,364700.25,77.64,35.94,Current,2005-01-27,NY
LN000351,91218.15,212241.52,5.04,20,634,241084.35,88.04,25.76,Current,2005-01-27,TX
LN000352,114507.12,164851.47,4.71,15,704,201574.67,81.78,45.05,Current,2005-01-27,OK
LN000353,102153.19,340609.7,4.76,20,686,389120.68,87.53,32.63,Current,2005-01-27,NY
LN000354,81801.23,356936.64,3.23,30,620,409094.48,87.25,36.31,Current,2005-01-27,PA
LN000355,84619.68,256761.72,5.16,30,611,328603.59,78.14,34.99,Current,2005-01-27,NC
LN000356,64949.41,105671.83,4.45,30,634,139348.33,75.83,46.24,Current,2005-01-27,CA
LN000357,84629.74,259031.67,3.97,20,743,337618.31,76.72,55.49,Current,2005-01-27,NC
LN000358,79226.83,329385.3,4.36,20,730,368646.42,89.35,23.65,Paid Off,2005-01-27,MI
LN000359,91454.37,189081.63,2.92,30,601,227275.15,83.2,25.47,Current,2005-01-27,NC
LN000360,68455.38,313751.99,4.56,30,690,496537.48,63.19,38.21,Current,2005-01-27,PA
LN000361,95386.93,298851.76,3.48,15,563,358538.13,83.35,26.84,Paid Off,2005-01-27,MI
LN000362,115654.78,343446.86,3.24,15,627,527437.36,65.12,44.34,Current,2005-01-27,NC
LN000363,82824.8,308968.53,3.11,15,603,420820.43,73.42,45.94,Current,2005-01-27,GA
LN000364,93034.23,227019.83,5.08,30,703,342341.81,66.31,29.53,Paid Off,2005-01-27,GA
LN000365,98802.88,389742.86,3.78,30,585,483027.61,80.69,27.36,Default,2005-01-27,MA
LN000366,76975.59,288110.28,5.4,30,671,333772.76,86.32,32.25,Current,2005-01-27,CA
LN000367,89481.85,297952.16,3.85,15,650,433631.85,68.71,36.04,Delinquent,2005-01-27,CA
LN000368,85251.85,230004.9,2.97,20,641,368241.62,62.46,38.15,Default,2005-01-27,NY
LN000369,86953.52,266753.83,3.41,30,733,386853.21,68.95,12.47,Current,2005-01-27,MI
LN000370,69539.8,233639.8,5.18,20,737,291427.35,80.17,25.33,Paid Off,2005-01-27,IL
LN000371,85490.2,287029.05,4.13,20,642,410846.74,69.86,30.96,Current,2005-01-27,CA
LN000372,94959.97,428378.14,3.84,20,632,626802.82,68.34,27.03,Current,2005-01-27,MA
LN000373,114022.87,197107.41,4.37,15,574,300775.55,65.53,6.35,Paid Off,2005-01-27,OK
LN000374,104185.42,178982.9,4.63,20,649,238881.18,74.93,16.12,Default,2005-01-27,NC
LN000375,128063.65,410337.77,5.09,30,747,600976.85,68.28,21.95,Current,2005-01-27,OK
LN000376,69653.05,284300.72,5.34,15,643,347003.1,81.93,33.85,Current,2005-01-27,PA
LN000377,102446.41,249819.54,3.98,30,686,401002.99,62.3,30.64,Current,2005-01-27,NY
LN000378,88666.84,377992.85,3.26,30,580,472958.16,79.92,28.68,Current,2005-01-27,NC
LN000379,128796.06,254578.83,3.94,15,628,379250.65,67.13,42.97,Current,2005-01-27,MI
LN000380,68834.03,436950.73,4.45,30,673,585110.1,74.68,42.96,Paid Off,2005-01-27,NC
LN000381,68205.56,350844.44,3.53,30,655,511564.07,68.58,36.5,Paid Off,2005-01-27,KY
LN000382,73012.15,263406.64,3.53,15,691,322474.01,81.68,36.2,Current,2005-01-27,MI
LN000383,42522.09,461798.12,4.51,30,619,522637.21,88.36,26.43,Current,2005-01-27,FL
LN000384,74484.9,254571.38,4.21,20,562,290897.82,87.51,27.63,Current,2005-01-27,PA
LN000385,69817.35,355657.15,4.27,30,706,458895.95,77.5,17.92,Current,2005-01-27,CA
LN000386,88007.88,322446.94,3.68,20,603,436456.85,73.88,32.49,Current,2005-01-27,PA
LN000387,91835.12,397630.6,4.08,30,675,470295.96,84.55,42.86,Current,2005-01-27,MI
LN000388,122523.42,417113.34,3.56,15,672,518154.56,80.5,48.54,Current,2005-01-27,KY
LN000389,104008.48,302400.31,4.92,15,566,461631.07,65.51,32.55,Current,2005-01-27,FL
LN000390,73461.93,243493.66,5.03,30,702,287723.78,84.63,39.92,Current,2005-01-27,MI
LN000391,67031.71,334497.91,2.87,15,621,459055.62,72.87,6.44,Current,2005-01-27,KY
LN000392,94838.38,249171.35,3.55,30,652,379431.98,65.67,30.67,Current,2005-01-27,KY
LN000393,58595.34,451004.04,3.13,15,632,658843.26,68.45,30.44,Current,2005-01-27,GA
LN000394,121629.18,310240.15,3.76,20,731,456062.41,68.03,49.91,Current,2005-01-27,NC
LN000395,108588.8,272600.88,4.19,30,717,360696.68,75.58,38.93,Current,2005-01-27,OK
LN000396,75616.49,313851.02,3.16,20,559,468217.0,67.03,39.94,Current,2005-01-27,MI
LN000397,50737.31,198965.53,3.56,20,762,312313.48,63.71,39.42,Default,2005-01-27,MI
LN000398,112077.45,227128.95,3.5,30,616,356500.34,63.71,35.45,Current,2005-01-27,IL
LN000399,82709.2,390031.04,4.41,20,755,503276.99,77.5,50.32,Current,2005-01-27,MI
LN000400,109756.33,250732.93,4.3,30,637,305612.43,82.04,11.95,Current,2005-01-27,CA
LN000401,53111.45,221481.68,3.71,20,632,318010.67,69.65,36.46,Current,2005-01-27,MA
LN000402,73012.5,340248.96,4.38,30,637,557424.03,61.04,46.3,Current,2005-01-27,NY
LN000403,85104.87,388927.81,3.84,30,629,609444.75,63.82,16.09,Paid Off,2005-01-27,PA
LN000404,85939.61,353921.5,4.05,15,776,404755.39,87.44,43.38,Delinquent,2005-01-27,CA
LN000405,75998.69,374703.58,5.51,30,646,500898.36,74.81,27.39,Paid Off,2005-01-27,NC
LN000406,97457.0,243240.37,5.26,30,634,330457.38,73.61,36.1,Current,2005-01-27,GA
LN000407,63647.59,193364.2,3.28,20,653,316257.01,61.14,27.2,Current,2005-01-27,OK
LN000408,82152.41,412600.02,4.87,30,601,504036.77,81.86,44.59,Current,2005-01-27,PA
LN000409,87405.91,275799.01,4.86,15,729,363649.24,75.84,32.12,Current,2005-01-27,NY
LN000410,95288.78,281187.52,3.39,20,576,425639.09,66.06,43.46,Current,2005-01-27,IL
LN000411,99232.3,399614.56,4.86,20,619,631280.55,63.3,39.35,Current,2005-01-27,NC
LN000412,62507.16,341717.25,5.4,15,696,477915.29,71.5,27.06,Default,2005-01-27,CA
LN000413,54317.72,334191.58,3.41,20,652,392636.0,85.11,40.02,Current,2005-01-27,MA
LN000414,110553.54,462375.18,3.56,20,677,537903.02,85.96,28.36,Current,2005-01-27,OK
LN000415,91646.28,251736.13,5.01,20,726,322385.69,78.09,35.64,Default,2005-01-27,TX
LN000416,70030.27,369588.01,4.45,20,700,451675.01,81.83,31.93,Default,2005-01-27,CA
LN000417,116023.04,304275.98,4.66,15,656,479517.05,63.45,44.0,Current,2005-01-27,NC
LN000418,87313.49,320144.42,4.51,15,754,412324.61,77.64,40.4,Default,2005-01-27,KY
LN000419,108585.94,414635.13,4.54,20,618,518235.8,80.01,34.69,Paid Off,2005-01-27,KY
LN000420,86350.37,338087.68,3.26,20,644,512088.13,66.02,28.14,Current,2005-01-27,MA
LN000421,126214.96,340372.21,5.04,15,648,393928.15,86.4,22.31,Current,2005-01-27,FL
LN000422,120106.82,380438.05,5.13,15,644,577735.18,65.85,36.36,Current,2005-01-27,MA
LN000423,80020.72,272628.55,4.08,15,596,392812.07,69.4,28.68,Current,2005-01-27,OK
LN000424,104431.42,237059.27,4.22,20,570,301538.04,78.62,16.22,Current,2005-01-27,KY
LN000425,97907.52,221639.31,3.1,20,670,280022.62,79.15,21.7,Paid Off,2005-01-27,IL
LN000426,112372.63,152523.26,4.64,30,618,188343.24,80.98,51.26,Delinquent,2005-01-27,IL
LN000427,65701.53,454215.53,4.68,15,745,716876.6,63.36,28.4,Delinquent,2005-01-27,KY
LN000428,98721.03,217259.37,4.2,20,646,254152.29,85.48,45.82,Paid Off,2005-01-27,OK
LN000429,106168.49,283405.98,5.09,15,637,372974.19,75.99,31.43,Paid Off,2005-01-27,GA
LN000430,49825.21,279239.0,4.0,20,704,376639.2,74.14,47.4,Current,2005-01-27,NY
LN000431,61334.83,323055.5,4.67,15,670,361226.57,89.43,46.67,Current,2005-01-27,NY
LN000432,44215.36,361180.29,3.49,20,641,439331.42,82.21,26.74,Current,2005-01-27,OK
LN000433,79611.86,364535.51,4.23,30,617,573708.64,63.54,15.12,Current,2005-01-27,TX
LN000434,99350.85,256269.19,4.12,30,832,309892.43,82.7,15.97,Current,2005-01-27,NY
LN000435,115047.14,287465.87,4.42,15,668,457329.7,62.86,26.91,Current,2005-01-27,PA
LN000436,86481.9,321193.5,3.97,20,704,528069.32,60.82,53.9,Paid Off,2005-01-27,NY
LN000437,117572.31,281348.17,4.15,20,598,390171.88,72.11,30.89,Current,2005-01-27,PA
LN000438,57397.97,420550.92,4.87,15,621,468281.21,89.81,36.45,Delinquent,2005-01-27,KY
LN000439,50932.35,336823.12,3.92,20,755,516231.56,65.25,48.03,Current,2005-01-27,GA
LN000440,83889.05,355115.83,3.05,15,719,442901.97,80.18,36.1,Current,2005-01-27,MA
LN000441,92681.31,349716.1,5.56,20,672,536358.9,65.2,35.76,Current,2005-01-27,GA
LN000442,84346.11,388010.54,5.29,15,630,474667.74,81.74,41.23,Paid Off,2005-01-27,NY
LN000443,43651.16,313576.62,3.28,20,638,417208.72,75.16,37.89,Current,2005-01-27,NY
LN000444,83217.6,202737.6,4.77,15,616,252163.86,80.4,34.01,Current,2005-01-27,MI
LN000445,58910.61,329976.6,3.87,20,592,499312.45,66.09,27.79,Current,2005-01-27,OK
LN000446,98393.45,251148.23,4.45,30,696,304906.81,82.37,35.78,Current,2005-01-27,MA
LN000447,92331.96,260353.75,4.47,20,676,289705.0,89.87,45.94,Current,2005-01-27,NY
LN000448,66202.4,343977.3,4.07,15,686,430135.53,79.97,52.82,Current,2005-01-27,FL
LN000449,74722.66,392871.23,3.66,30,633,525198.02,74.8,37.92,Current,2005-01-27,FL
LN000450,63815.73,301595.37,3.73,20,662,343913.12,87.7,42.55,Current,2005-01-27,TX
LN000451,83746.42,323162.48,3.56,30,628,534368.77,60.48,37.7,Current,2005-01-27,KY
LN000452,104102.85,427666.12,3.63,20,613,522195.48,81.9,34.13,Current,2005-01-27,PA
LN000453,65285.48,318056.49,4.2,30,733,367006.34,86.66,40.14,Current,2005-01-27,GA
LN000454,95080.93,495126.23,3.71,15,656,800524.38,61.85,46.89,Current,2005-01-27,KY
LN000455,74394.85,342413.22,4.76,20,675,465856.12,73.5,26.14,Current,2005-01-27,PA
LN000456,69142.54,167942.79,5.37,20,691,253914.07,66.14,20.49,Current,2005-01-27,PA
LN000457,82859.39,356500.62,3.81,15,656,463014.61,77.0,29.67,Current,2005-01-27,CA
LN000458,64295.15,328586.88,4.43,30,662,413388.13,79.49,37.12,Current,2005-01-27,MI
LN000459,73927.01,396731.46,4.62,15,595,574318.11,69.08,43.7,Current,2005-01-27,NY
LN000460,61042.44,350488.6,4.6,15,605,474920.34,73.8,25.1,Paid Off,2005-01-27,TX
LN000461,124294.5,289615.8,4.31,30,602,423537.61,68.38,10.11,Current,2005-01-27,NY
LN000462,85705.27,208177.63,4.81,15,680,292870.78,71.08,29.91,Current,2005-01-27,TX
LN000463,71005.49,284323.26,4.61,20,653,438863.93,64.79,33.06,Current,2005-01-27,KY
LN000464,89279.6,236210.97,3.32,20,605,272865.6,86.57,23.38,Paid Off,2005-01-27,NC
LN000465,82753.44,256460.74,4.9,20,679,425305.82,60.3,27.44,Current,2005-01-27,NC
LN000466,80580.61,344143.38,4.92,15,677,397981.18,86.47,43.67,Current,2005-01-27,OK
LN000467,97283.33,425242.84,3.68,20,615,551187.07,77.15,35.78,Paid Off,2005-01-27,OK
LN000468,100150.15,329600.36,4.28,20,648,471196.01,69.95,38.46,Paid Off,2005-01-27,KY
LN000469,74389.98,210308.77,4.76,20,677,257441.99,81.69,31.44,Current,2005-01-27,MA
LN000470,73483.64,333345.2,4.09,20,607,443086.32,75.23,27.46,Current,2005-01-27,FL
LN000471,79498.97,389747.36,5.05,20,678,519848.49,74.97,31.37,Default,2005-01-27,MI
LN000472,38961.58,254266.28,6.02,20,665,401657.4,63.3,39.99,Current,2005-01-27,PA
LN000473,54696.18,289948.71,3.66,15,600,404473.41,71.69,20.09,Current,2005-01-27,TX
LN000474,112337.49,301101.61,3.21,20,660,447855.07,67.23,51.5,Current,2005-01-27,IL
LN000475,117899.35,241132.63,4.48,20,668,398758.28,60.47,40.75,Delinquent,2005-01-27,NC
LN000476,80019.28,348621.03,4.79,30,618,492381.8,70.8,29.64,Current,2005-01-27,NY
LN000477,96531.14,290928.89,4.08,15,622,464040.91,62.69,43.13,Current,2005-01-27,KY
LN000478,91225.0,331464.93,5.34,15,599,489573.02,67.7,47.22,Paid Off,2005-01-27,PA
LN000479,146577.62,233438.09,3.25,15,627,371861.79,62.78,31.7,Current,2005-01-27,NC
LN000480,107391.5,267190.63,4.77,15,649,423922.03,63.03,32.83,Current,2005-01-27,TX
LN000481,82441.65,354178.6,3.8,20,622,536875.52,65.97,49.93,Current,2005-01-27,GA
LN000482,65889.19,272037.51,5.54,20,575,302279.09,90.0,56.19,Paid Off,2005-01-27,MA
LN000483,52871.07,429522.29,5.74,30,615,715089.55,60.07,35.29,Current,2005-01-27,NY
LN000484,89069.27,270027.29,3.68,30,629,341115.06,79.16,23.42,Current,2005-01-27,OK
LN000485,69872.99,316851.35,3.84,15,690,493251.27,64.24,30.29,Current,2005-01-27,KY
LN000486,56554.93,369944.31,4.89,30,679,422220.03,87.62,45.33,Current,2005-01-27,NC
LN000487,72068.54,193622.57,3.96,30,691,308272.08,62.81,24.7,Paid Off,2005-01-27,OK
LN000488,63369.04,167939.34,4.22,15,613,189436.83,88.65,32.92,Current,2005-01-27,TX
LN000489,118742.83,185575.78,4.27,15,657,236922.01,78.33,37.93,Current,2005-01-27,OK
LN000490,102632.8,394693.81,2.81,30,528,657406.2,60.04,25.77,Current,2005-01-27,NC
LN000491,84840.55,258610.64,4.24,20,671,297869.15,86.82,45.96,Delinquent,2005-01-27,NC
LN000492,114598.88,491864.95,3.73,30,680,650173.36,75.65,41.94,Current,2005-01-27,NY
LN000493,86547.37,257681.43,3.88,30,632,379612.67,67.88,55.1,Current,2005-01-27,FL
LN000494,67774.32,313841.35,5.33,20,664,378038.41,83.02,42.81,Current,2005-01-27,NC
LN000495,115462.48,415658.25,3.31,20,574,473415.04,87.8,25.39,Current,2005-01-27,PA
LN000496,95778.2,450456.97,4.86,15,609,604553.2,74.51,40.3,Current,2005-01-27,FL
LN000497,64255.08,454612.77,4.04,15,688,654433.56,69.47,44.88,Current,2005-01-27,KY
LN000498,81193.23,390627.47,4.04,30,675,466876.01,83.67,45.39,Current,2005-01-27,FL
LN000499,67487.63,376804.69,4.84,20,629,468350.52,80.45,27.23,Current,2005-01-27,CA
LN000500,57344.01,344439.52,4.51,15,690,397448.98,86.66,26.04,Delinquent,2005-01-27,NC
LN000501,103523.55,358377.08,4.68,30,656,443670.96,80.78,23.6,Current,2005-01-27,PA
LN000502,123188.33,258661.07,4.98,20,624,384306.96,67.31,51.05,Paid Off,2005-01-27,TX
LN000503,57028.65,238635.08,4.0,30,640,271331.08,87.95,41.23,Current,2005-01-27,PA
LN000504,96259.38,299746.92,3.79,15,627,474695.66,63.15,26.79,Delinquent,2005-01-27,CA
LN000505,71987.15,287236.15,3.44,15,590,422168.43,68.04,36.27,Paid Off,2005-01-27,IL
LN000506,75257.49,266007.9,3.63,20,712,351835.13,75.61,33.76,Paid Off,2005-01-27,FL
LN000507,73152.12,352229.06,6.46,30,621,457605.19,76.97,25.27,Paid Off,2005-01-27,PA
LN000508,67720.18,371647.89,5.18,20,608,614707.38,60.46,35.36,Current,2005-01-27,OK
LN000509,85970.43,306630.52,3.24,15,573,367586.77,83.42,36.91,Current,2005-01-27,TX
LN000510,68381.0,410814.76,3.26,15,518,579851.92,70.85,54.31,Current,2005-01-27,NC
LN000511,90409.14,214373.32,4.61,30,685,296946.57,72.19,28.44,Current,2005-01-27,NC
LN000512,83995.24,285475.54,4.66,30,689,338718.39,84.28,17.91,Current,2005-01-27,GA
LN000513,80221.04,246238.33,4.66,30,709,344975.48,71.38,24.51,Paid Off,2005-01-27,KY
LN000514,66848.73,160009.75,4.06,20,642,260531.14,61.42,26.07,Current,2005-01-27,KY
LN000515,73464.57,293798.95,4.16,30,633,449968.73,65.29,30.73,Current,2005-01-27,MI
LN000516,100107.82,290868.94,4.5,30,624,328009.1,88.68,24.53,Paid Off,2005-01-27,KY
LN000517,95018.34,413508.73,4.31,15,629,665745.2,62.11,43.22,Current,2005-01-27,PA
LN000518,65448.9,347310.88,2.59,15,705,491607.96,70.65,23.84,Current,2005-01-27,FL
LN000519,86986.65,223185.99,4.08,30,648,297203.38,75.1,35.2,Delinquent,2005-01-27,PA
LN000520,100027.74,439056.94,3.61,30,668,586986.88,74.8,55.0,Current,2005-01-27,NC
LN000521,51611.89,391577.53,4.38,15,627,651339.58,60.12,40.54,Current,2005-01-27,NY
LN000522,95867.2,343657.33,6.49,30,716,457996.76,75.03,39.51,Paid Off,2005-01-27,OK
LN000523,71747.52,283013.69,4.53,20,554,395750.43,71.51,53.57,Paid Off,2005-01-27,NC
LN000524,96411.97,228042.06,4.01,20,588,255760.4,89.16,47.46,Paid Off,2005-01-27,GA
LN000525,69734.82,272084.49,4.94,20,668,420047.0,64.77,40.65,Current,2005-01-27,GA
LN000526,48902.36,381656.15,4.61,30,737,540400.95,70.62,31.89,Paid Off,2005-01-27,OK
LN000527,52449.15,441343.97,4.57,15,638,608042.08,72.58,34.77,Current,2005-01-27,CA
LN000528,85961.7,415743.26,4.71,30,607,579668.97,71.72,34.29,Current,2005-01-27,MA
LN000529,90194.45,263336.29,5.79,30,700,329273.57,79.97,30.99,Current,2005-01-27,NC
LN000530,66913.67,216028.69,3.4,15,666,325024.35,66.47,37.12,Current,2005-01-27,NC
LN000531,97771.85,310566.47,4.61,15,714,466091.05,66.63,38.51,Current,2005-01-27,NY
LN000532,51769.6,167367.05,3.56,15,585,204414.45,81.88,22.55,Current,2005-01-27,TX
LN000533,83678.4,324237.58,4.67,20,710,432266.54,75.01,51.32,Current,2005-01-27,GA
LN000534,60779.68,288929.81,3.56,30,572,398773.2,72.45,39.1,Current,2005-01-27,KY
LN000535,71963.28,265047.26,3.94,15,635,407288.23,65.08,32.37,Delinquent,2005-01-27,PA
LN000536,85947.97,180397.27,4.03,30,670,274887.66,65.63,37.21,Current,2005-01-27,CA
LN000537,67791.73,338520.01,4.98,20,659,561239.02,60.32,44.3,Current,2005-01-27,NC
LN000538,77308.89,260047.44,4.94,20,703,414465.87,62.74,20.33,Current,2005-01-27,MA
LN000539,105125.86,212256.24,3.32,15,558,276717.03,76.71,33.95,Current,2005-01-27,OK
LN000540,73462.16,84580.33,4.29,15,657,97491.98,86.76,23.14,Current,2005-01-27,IL
LN000541,101713.84,297936.38,3.72,30,709,434215.01,68.61,61.57,Current,2005-01-27,TX
LN000542,62405.86,432918.87,3.31,15,652,619939.69,69.83,36.38,Current,2005-01-27,MA
LN000543,95596.08,424594.44,4.09,30,592,668988.02,63.47,23.22,Paid Off,2005-01-27,MI
LN000544,113831.37,265717.78,4.02,15,700,370809.03,71.66,70.99,Current,2005-01-27,KY
LN000545,35567.11,254834.1,6.07,30,617,416963.45,61.12,29.64,Current,2005-01-27,MA
LN000546,69062.09,335158.07,4.57,30,608,382915.17,87.53,32.91,Current,2005-01-27,GA
LN000547,96541.44,225121.09,3.22,30,602,280722.92,80.19,33.63,Current,2005-01-27,MI
LN000548,80939.09,322634.39,3.83,30,640,359591.54,89.72,26.52,Current,2005-01-27,NC
LN000549,92422.92,357456.02,5.02,20,659,413317.09,86.48,37.47,Current,2005-01-27,MI
LN000550,72920.3,392019.99,5.82,30,586,528402.05,74.19,12.89,Current,2005-01-27,PA
LN000551,86731.8,292488.44,3.06,15,596,386937.83,75.59,45.86,Paid Off,2005-01-27,OK
LN000552,81886.46,284724.47,2.84,20,615,433256.62,65.72,23.72,Current,2005-01-27,MA
LN000553,108355.64,234151.31,5.65,20,602,317015.39,73.86,30.85,Current,2005-01-27,TX
LN000554,90088.42,237983.97,4.54,30,651,273259.48,87.09,42.52,Default,2005-01-27,MA
LN000555,91752.05,283014.08,3.6,20,668,459994.0,61.53,32.96,Current,2005-01-27,NC
LN000556,76762.46,327552.41,4.65,30,661,381288.53,85.91,33.36,Paid Off,2005-01-27,IL
LN000557,75247.88,368518.85,2.27,15,661,524743.08,70.23,24.88,Current,2005-01-27,CA
LN000558,76348.84,239761.58,4.25,30,733,275634.33,86.99,55.96,Current,2005-01-27,GA
LN000559,92889.04,411951.64,4.5,20,671,466925.61,88.23,40.31,Default,2005-01-27,PA
LN000560,76580.31,279665.73,4.94,15,689,349032.67,80.13,24.17,Default,2005-01-27,KY
LN000561,90795.5,298397.45,3.49,30,629,373310.8,79.93,36.78,Default,2005-01-27,OK
LN000562,126508.02,243959.12,4.31,15,697,331544.44,73.58,23.47,Current,2005-01-27,OK
LN000563,102422.49,118181.98,3.56,15,626,138929.41,85.07,52.22,Paid Off,2005-01-27,MI
LN000564,78479.53,366303.4,4.44,20,670,412279.2,88.85,37.0,Paid Off,2005-01-27,MI
LN000565,109024.28,355263.29,3.58,15,581,426730.11,83.25,25.24,Current,2005-01-27,CA
LN000566,76838.49,278900.43,3.94,20,658,354573.05,78.66,41.98,Current,2005-01-27,FL
LN000567,44237.51,305024.3,3.5,15,601,390037.76,78.2,32.22,Current,2005-01-27,FL
LN000568,64838.27,338695.44,4.74,30,696,396208.71,85.48,22.12,Paid Off,2005-01-27,KY
LN000569,47584.16,182809.06,4.89,15,693,239793.26,76.24,38.81,Current,2005-01-27,MA
LN000570,77969.73,260321.05,4.07,30,626,309479.39,84.12,38.53,Current,2005-01-27,MI
LN000571,85368.37,359569.85,4.28,30,752,477728.57,75.27,46.38,Current,2005-01-27,IL
LN000572,118528.75,205928.29,3.16,15,635,332822.39,61.87,35.65,Current,2005-01-27,OK
LN000573,91538.55,322016.84,4.03,30,569,450257.27,71.52,36.07,Current,2005-01-27,MA
LN000574,80617.99,198256.36,4.21,15,611,270349.97,73.33,36.6,Current,2005-01-27,OK
LN000575,101588.11,334982.25,6.22,15,597,521385.18,64.25,50.95,Paid Off,2005-01-27,MI
LN000576,40777.29,297326.89,3.42,30,668,471387.09,63.07,31.9,Current,2005-01-27,OK
LN000577,89712.29,178865.11,5.35,30,588,235150.97,76.06,39.69,Delinquent,2005-01-27,MA
LN000578,100417.3,387355.45,5.0,20,623,619230.64,62.55,41.17,Current,2005-01-27,MI
LN000579,55428.28,244905.63,4.46,30,665,354481.78,69.09,38.5,Current,2005-01-27,NC
LN000580,107875.08,239231.07,5.57,20,656,290547.9,82.34,31.52,Current,2005-01-27,CA
LN000581,91769.93,315042.69,4.53,30,649,354247.37,88.93,36.21,Current,2005-01-27,NC
LN000582,76694.24,386147.8,4.54,15,656,473591.11,81.54,34.06,Current,2005-01-27,FL
LN000583,97655.64,223813.36,4.21,30,631,249294.31,89.78,54.59,Paid Off,2005-01-27,NY
LN000584,130413.86,304625.99,5.17,15,569,376313.11,80.95,30.42,Current,2005-01-27,TX
LN000585,88637.33,332161.24,5.07,15,630,482695.44,68.81,25.87,Current,2005-01-27,CA
LN000586,89964.41,351982.92,3.78,15,673,439091.82,80.16,34.94,Current,2005-01-27,NC
LN000587,75812.78,313233.12,3.26,20,643,386398.9,81.06,34.23,Current,2005-01-27,GA
LN000588,68003.11,272472.91,4.1,30,669,382945.86,71.15,36.97,Paid Off,2005-01-27,IL
LN000589,101606.72,237930.73,3.65,15,620,393069.83,60.53,30.43,Current,2005-01-27,IL
LN000590,67878.32,306460.79,4.2,15,699,377898.8,81.1,36.1,Current,2005-01-27,TX
LN000591,86431.32,219589.57,5.18,20,522,362054.31,60.65,36.3,Current,2005-01-27,IL
LN000592,75446.85,80898.71,3.91,30,657,102486.92,78.94,44.06,Current,2005-01-27,MA
LN000593,94579.6,332741.99,4.22,30,717,512632.42,64.91,35.93,Current,2005-01-27,IL
LN000594,91673.24,367795.11,4.29,20,724,477853.92,76.97,36.02,Current,2005-01-27,NY
LN000595,105750.8,122780.07,4.89,20,638,163450.92,75.12,40.16,Current,2005-01-27,IL
LN000596,74799.67,224270.2,2.56,30,583,371275.03,60.41,43.68,Current,2005-01-27,OK
LN000597,79602.5,346436.57,3.79,20,718,488723.72,70.89,25.16,Current,2005-01-27,CA
LN000598,65424.73,454312.16,4.41,30,647,582207.15,78.03,22.48,Default,2005-01-27,MA
LN000599,76114.13,301559.53,5.15,30,642,352873.73,85.46,51.95,Current,2005-01-27,FL
LN000600,92546.01,245399.78,3.88,15,605,283177.78,86.66,42.04,Delinquent,2005-01-27,IL
LN000601,100139.77,286282.77,2.84,15,587,384192.25,74.52,32.81,Delinquent,2005-01-27,KY
LN000602,66556.69,403115.73,4.71,30,678,492489.38,81.85,35.2,Current,2005-01-27,KY
LN000603,102392.12,251552.69,3.77,30,683,361979.46,69.49,31.07,Current,2005-01-27,KY
LN000604,112112.76,240060.6,3.36,30,660,341647.44,70.27,37.11,Current,2005-01-27,IL
LN000605,93268.7,263794.24,3.78,30,611,400696.63,65.83,25.28,Current,2005-01-27,GA
LN000606,122535.92,228500.35,4.11,30,596,297300.26,76.86,43.4,Current,2005-01-27,NC
LN000607,69524.22,309200.27,3.8,30,578,445296.61,69.44,36.75,Current,2005-01-27,OK
LN000608,60106.91,421850.88,2.6,20,621,674625.42,62.53,37.12,Current,2005-01-27,PA
LN000609,49425.6,324230.95,4.92,30,599,402520.44,80.55,26.06,Paid Off,2005-01-27,IL
LN000610,114920.89,281073.49,5.21,20,564,346010.72,81.23,40.24,Current,2005-01-27,GA
LN000611,98087.31,278114.15,4.74,20,682,392817.86,70.8,26.29,Current,2005-01-27,NC
LN000612,83888.31,182760.69,3.4,30,584,293347.83,62.3,28.08,Current,2005-01-27,PA
LN000613,90599.37,366233.23,4.1,30,699,503144.12,72.79,35.88,Current,2005-01-27,TX
LN000614,62490.22,294162.21,4.25,20,669,401476.67,73.27,60.07,Current,2005-01-27,NY
LN000615,133915.04,286464.01,4.7,20,664,357811.09,80.06,36.71,Delinquent,2005-01-27,OK
LN000616,87584.42,539483.07,4.75,30,733,776653.78,69.46,9.31,Default,2005-01-27,IL
LN000617,87187.9,322406.47,3.7,30,585,400614.52,80.48,28.57,Paid Off,2005-01-27,CA
LN000618,99515.33,243615.67,4.31,20,693,282798.35,86.14,41.84,Current,2005-01-27,MA
LN000619,94620.18,268023.18,4.59,20,635,399292.14,67.12,23.72,Current,2005-01-27,CA
LN000620,89477.68,386133.43,5.34,20,778,432073.24,89.37,43.31,Current,2005-01-27,NC
LN000621,69190.51,308495.28,4.78,15,630,430913.23,71.59,36.59,Current,2005-01-27,CA
LN000622,94429.37,192129.15,4.84,20,622,282469.09,68.02,44.91,Current,2005-01-27,MI
LN000623,122640.49,368942.17,4.31,15,671,507867.67,72.65,29.41,Current,2005-01-27,TX
LN000624,111908.4,249889.19,5.31,30,639,397710.55,62.83,28.63,Current,2005-01-27,MA
LN000625,116863.73,440497.33,4.56,30,612,690746.74,63.77,40.65,Current,2005-01-27,TX
LN000626,74775.69,381003.6,3.6,20,601,526008.16,72.43,34.92,Current,2005-01-27,PA
LN000627,65207.9,266450.86,5.3,30,722,321515.79,82.87,34.32,Paid Off,2005-01-27,TX
LN000628,82484.26,396076.23,4.77,30,591,455211.02,87.01,50.69,Current,2005-01-27,KY
LN000629,86114.5,305089.16,3.92,30,661,381626.01,79.94,41.04,Paid Off,2005-01-27,NY
LN000630,106883.83,363958.03,3.89,30,702,576278.82,63.16,15.1,Delinquent,2005-01-27,KY
LN000631,51150.71,336354.96,4.47,15,705,419601.39,80.16,42.99,Current,2005-01-27,IL
LN000632,115591.01,236523.25,4.6,15,619,299158.56,79.06,41.99,Current,2005-01-27,PA
LN000633,81839.84,251733.76,4.4,20,639,299067.4,84.17,46.85,Current,2005-01-27,MI
LN000634,76462.38,377247.06,4.48,20,629,445090.1,84.76,25.6,Default,2005-01-27,GA
LN000635,64757.91,274891.85,5.52,20,573,319470.46,86.05,38.25,Current,2005-01-27,PA
LN000636,51902.87,269726.37,5.05,30,676,372427.06,72.42,36.12,Paid Off,2005-01-27,GA
LN000637,101463.41,228365.81,4.39,30,651,282156.27,80.94,25.42,Current,2005-01-27,NY
LN000638,86466.36,331769.93,4.96,15,722,487556.31,68.05,44.47,Default,2005-01-27,TX
LN000639,59200.78,454689.37,3.48,15,608,505322.21,89.98,32.58,Delinquent,2005-01-27,TX
LN000640,59098.42,219935.03,4.55,20,704,337013.39,65.26,46.53,Current,2005-01-27,MA
LN000641,78284.31,301816.46,5.61,15,707,500496.32,60.3,27.57,Current,2005-01-27,IL
LN000642,118380.43,405916.54,4.09,15,652,629676.86,64.46,20.39,Current,2005-01-27,CA
LN000643,79808.17,294026.9,3.61,15,541,353074.48,83.28,32.57,Current,2005-01-27,FL
LN000644,54937.14,333927.88,3.76,15,624,454920.86,73.4,37.32,Current,2005-01-27,PA
LN000645,80085.14,220320.49,3.43,15,739,300061.92,73.43,29.66,Paid Off,2005-01-27,PA
LN000646,79545.53,332123.03,3.66,20,664,374642.36,88.65,4.36,Current,2005-01-27,IL
LN000647,31062.27,285964.18,3.97,20,684,326483.95,87.59,38.84,Paid Off,2005-01-27,KY
LN000648,83914.1,373929.75,3.2,15,645,539302.24,69.34,38.79,Default,2005-01-27,OK
LN000649,80381.31,389053.95,4.26,20,638,587058.57,66.27,41.87,Current,2005-01-27,IL
LN000650,98924.13,494217.27,4.93,30,556,578339.89,85.45,31.2,Paid Off,2005-01-27,FL
LN000651,121979.12,343472.49,3.57,15,689,393978.25,87.18,30.65,Current,2005-01-27,TX
LN000652,107531.3,324434.72,5.39,30,703,425499.83,76.25,49.4,Paid Off,2005-01-27,GA
LN000653,79622.23,314578.82,4.63,20,602,398793.11,78.88,19.25,Current,2005-01-27,KY
LN000654,62869.48,273512.53,5.02,20,641,403962.37,67.71,32.53,Current,2005-01-27,MI
LN000655,136467.2,325386.29,3.76,30,634,387253.62,84.02,36.42,Current,2005-01-27,NC
LN000656,86184.37,277844.89,4.89,20,671,351864.19,78.96,41.06,Current,2005-01-27,KY
LN000657,85278.59,312634.57,3.43,15,622,416261.08,75.11,36.7,Current,2005-01-27,MI
LN000658,84517.5,398819.82,4.92,30,696,645305.51,61.8,25.78,Current,2005-01-27,MA
LN000659,88961.7,224509.31,4.38,15,653,256646.45,87.48,46.68,Current,2005-01-27,NY
LN000660,82112.79,385490.89,4.66,30,522,491299.37,78.46,35.02,Paid Off,2005-01-27,FL
LN000661,73526.76,398783.63,3.37,20,672,606231.66,65.78,18.32,Current,2005-01-27,KY
LN000662,74062.82,291144.86,3.58,30,699,372348.08,78.19,37.09,Current,2005-01-27,FL
LN000663,84344.93,140860.88,4.7,30,592,175366.09,80.32,39.75,Current,2005-01-27,MI
LN000664,74131.5,254413.35,3.54,15,670,335756.77,75.77,54.61,Delinquent,2005-01-27,IL
LN000665,70743.08,397274.59,4.6,20,741,487196.12,81.54,39.09,Paid Off,2005-01-27,NC
LN000666,87128.6,298284.9,3.22,15,655,385163.95,77.44,20.18,Current,2005-01-27,GA
LN000667,79900.46,225052.33,4.89,20,707,254488.83,88.43,20.53,Current,2005-01-27,GA
LN000668,115079.86,262141.88,3.33,15,627,425479.63,61.61,47.59,Current,2005-01-27,NC
LN000669,31980.6,363046.5,4.66,30,649,574555.47,63.19,26.97,Current,2005-01-27,PA
LN000670,106830.14,341005.02,4.72,15,639,522932.43,65.21,19.5,Paid Off,2005-01-27,TX
LN000671,109921.7,282080.09,3.73,20,630,349519.4,80.71,45.01,Current,2005-01-27,PA
LN000672,43532.2,272488.17,4.69,20,642,343323.0,79.37,30.24,Paid Off,2005-01-27,KY
LN000673,78146.25,270618.14,4.45,30,568,311909.44,86.76,44.47,Current,2005-01-27,NY
LN000674,77571.18,230819.24,3.85,20,633,281533.83,81.99,25.85,Paid Off,2005-01-27,MI
LN000675,56849.77,421153.18,3.49,15,716,559667.06,75.25,49.74,Current,2005-01-27,PA
LN000676,69443.67,275825.96,2.78,30,601,307310.01,89.75,43.72,Paid Off,2005-01-27,PA
LN000677,62788.48,391286.89,4.51,20,596,575563.77,67.98,27.77,Paid Off,2005-01-27,PA
LN000678,120045.41,414098.7,3.08,20,653,487199.3,85.0,18.4,Paid Off,2005-01-27,FL
LN000679,103713.57,374873.32,4.32,15,655,514909.63,72.8,58.05,Current,2005-01-27,IL
LN000680,110431.1,267628.48,4.05,15,668,336800.35,79.46,32.9,Current,2005-01-27,NY
LN000681,99433.44,330279.76,4.76,30,644,403675.89,81.82,27.37,Current,2005-01-27,MI
LN000682,62418.96,298185.33,4.02,20,653,377389.49,79.01,48.86,Current,2005-01-27,GA
LN000683,74509.59,232222.36,4.0,15,632,361631.34,64.22,44.46,Current,2005-01-27,MA
LN000684,94787.49,324326.95,4.8,30,586,442534.39,73.29,46.83,Current,2005-01-27,FL
LN000685,60557.44,211572.02,4.5,20,646,275329.7,76.84,34.01,Current,2005-01-27,KY
LN000686,99259.97,389075.95,4.49,20,686,455212.32,85.47,53.81,Current,2005-01-27,NY
LN000687,80193.49,265153.7,4.6,30,675,361691.41,73.31,21.89,Current,2005-01-27,GA
LN000688,77503.58,315086.97,3.1,30,562,359842.7,87.56,29.48,Current,2005-01-27,NY
LN000689,99219.2,321246.59,4.82,15,662,438794.16,73.21,38.9,Current,2005-01-27,OK
LN000690,93885.27,280582.13,4.71,20,605,366949.61,76.46,46.68,Current,2005-01-27,OK
LN000691,77780.68,344002.04,3.49,20,719,410070.21,83.89,41.61,Current,2005-01-27,PA
LN000692,108186.6,264382.23,4.07,20,666,341173.44,77.49,34.17,Current,2005-01-27,PA
LN000693,63378.73,365347.3,4.22,30,694,411396.83,88.81,30.25,Paid Off,2005-01-27,NC
LN000694,97318.71,199051.52,4.15,15,651,249406.51,79.81,46.74,Paid Off,2005-01-27,OK
LN000695,96862.03,309478.47,4.5,20,646,408923.39,75.68,42.64,Paid Off,2005-01-27,MI
LN000696,78809.07,445419.67,5.32,30,724,733711.27,60.71,26.25,Paid Off,2005-01-27,MI
LN000697,91522.66,224975.15,5.06,20,698,310687.72,72.41,25.96,Current,2005-01-27,MA
LN000698,59977.73,249169.13,3.27,15,655,361232.72,68.98,29.55,Current,2005-01-27,GA
LN000699,103480.54,338543.09,4.72,20,640,410638.13,82.44,28.26,Current,2005-01-27,KY
LN000700,81301.96,313468.63,5.25,15,564,473172.12,66.25,45.3,Current,2005-01-27,NC
LN000701,74545.54,326297.26,4.54,15,666,493219.49,66.16,39.36,Current,2005-01-27,TX
LN000702,105980.18,336689.03,5.07,20,643,512576.85,65.69,40.58,Current,2005-01-27,TX
LN000703,70913.13,347604.11,5.76,20,677,545103.43,63.77,36.92,Current,2005-01-27,FL
LN000704,56830.77,383227.49,5.02,15,692,552756.86,69.33,37.39,Current,2005-01-27,MA
LN000705,53867.42,330736.4,4.44,30,711,382011.23,86.58,19.18,Delinquent,2005-01-27,MA
LN000706,97120.2,281905.68,5.03,15,666,338634.17,83.25,42.94,Current,2005-01-27,KY
LN000707,59391.41,350443.03,4.36,20,597,427069.89,82.06,29.37,Current,2005-01-27,NY
LN000708,120095.88,442491.15,4.27,20,542,527276.69,83.92,34.67,Current,2005-01-27,TX
LN000709,43361.41,290052.47,3.99,30,608,426030.64,68.08,30.27,Current,2005-01-27,NY
LN000710,118929.13,226910.3,5.42,15,716,261950.8,86.62,36.46,Current,2005-01-27,NY
LN000711,89220.35,383031.05,3.64,15,741,597374.33,64.12,40.73,Paid Off,2005-01-27,MA
LN000712,83065.74,290971.41,5.4,15,638,415137.49,70.09,24.91,Current,2005-01-27,NY
LN000713,74101.62,137049.78,4.62,20,576,176604.98,77.6,37.53,Current,2005-01-27,TX
LN000714,92982.72,363556.63,3.2,15,617,576276.81,63.09,30.51,Current,2005-01-27,GA
LN000715,84247.31,259850.39,4.53,30,706,317262.51,81.9,48.21,Current,2005-01-27,CA
LN000716,107066.04,293210.0,2.67,20,620,409411.79,71.62,23.85,Delinquent,2005-01-27,NY
LN000717,87284.55,324898.52,4.72,20,679,388950.17,83.53,24.97,Current,2005-01-27,KY
LN000718,88006.04,314287.48,4.91,15,658,420244.09,74.79,31.4,Current,2005-01-27,IL
LN000719,77727.76,353208.89,3.81,30,685,539858.19,65.43,25.74,Paid Off,2005-01-27,PA
LN000720,83861.09,267338.52,4.34,20,740,325852.29,82.04,32.76,Paid Off,2005-01-27,KY
LN000721,91156.04,338482.93,5.72,20,679,500978.83,67.56,29.72,Current,2005-01-27,OK
LN000722,50796.63,280534.0,3.87,15,657,375425.35,74.72,35.88,Current,2005-01-27,TX
LN000723,58036.29,355410.79,3.46,15,746,570794.34,62.27,45.08,Current,2005-01-27,IL
LN000724,99865.28,346152.56,5.36,30,667,440756.55,78.54,35.71,Current,2005-01-27,MI
LN000725,88417.31,229842.1,5.72,15,610,287389.8,79.98,36.62,Current,2005-01-27,PA
LN000726,81320.33,381448.66,4.25,30,684,534539.59,71.36,24.43,Default,2005-01-27,NC
LN000727,85368.68,259802.74,5.01,20,672,293122.95,88.63,33.66,Current,2005-01-27,KY
LN000728,91951.63,360604.33,5.26,30,634,418212.87,86.23,30.78,Default,2005-01-27,IL
LN000729,74204.81,327546.55,3.69,30,624,403192.64,81.24,41.82,Current,2005-01-27,CA
LN000730,69433.91,437863.78,3.89,30,635,537853.01,81.41,27.35,Current,2005-01-27,TX
LN000731,88916.91,283240.05,5.17,20,623,419167.46,67.57,26.39,Current,2005-01-27,GA
LN000732,65432.54,273801.24,5.51,15,636,343520.61,79.7,38.17,Paid Off,2005-01-27,FL
LN000733,93165.06,298543.53,4.67,20,607,452707.79,65.95,54.8,Default,2005-01-27,MA
LN000734,50948.33,277261.52,3.59,15,669,431065.15,64.32,33.24,Current,2005-01-27,CA
LN000735,105583.11,359995.64,5.74,30,665,400066.11,89.98,36.68,Current,2005-01-27,OK
LN000736,94451.95,178776.7,3.85,30,667,227245.2,78.67,44.48,Current,2005-01-27,MI
LN000737,90120.59,220973.82,4.0,30,646,302995.92,72.93,40.1,Paid Off,2005-01-27,MA
LN000738,104653.82,219914.78,4.51,30,641,320365.63,68.64,40.16,Default,2005-01-27,GA
LN000739,118309.49,371273.07,5.42,30,722,475274.47,78.12,34.05,Current,2005-01-27,CA
LN000740,105287.4,428296.0,4.89,15,653,696554.38,61.49,34.24,Current,2005-01-27,PA
LN000741,48182.52,292166.31,4.56,15,713,464933.66,62.84,27.45,Current,2005-01-27,IL
LN000742,59408.46,287338.37,4.6,30,600,471156.95,60.99,39.86,Current,2005-01-27,TX
LN000743,72503.63,305253.91,4.28,20,679,407140.41,74.98,39.64,Current,2005-01-27,IL
LN000744,85521.82,387140.87,4.67,20,613,496218.67,78.02,42.17,Current,2005-01-27,NY
LN000745,95353.18,230448.51,2.35,30,622,372445.69,61.87,30.12,Default,2005-01-27,KY
LN000746,70485.12,317877.67,4.03,15,629,389380.68,81.64,43.3,Current,2005-01-27,OK
LN000747,88735.34,373139.82,4.43,20,626,557658.78,66.91,46.33,Paid Off,2005-01-27,NY
LN000748,69892.34,337582.06,3.39,20,626,419064.85,80.56,22.86,Current,2005-01-27,NY
LN000749,72769.64,314218.62,4.54,20,710,351251.35,89.46,32.03,Current,2005-01-27,OK
LN000750,56866.78,375078.46,4.1,30,652,464590.24,80.73,46.75,Current,2005-01-27,KY
LN000751,66535.34,97257.58,5.57,20,661,112441.98,86.5,28.5,Current,2005-01-27,PA
LN000752,57966.31,350840.65,5.43,20,627,396672.35,88.45,40.29,Current,2005-01-27,MI
LN000753,65482.53,250944.32,3.9,20,692,336375.07,74.6,35.09,Current,2005-01-27,NC
LN000754,106072.84,162702.53,4.14,20,667,200694.5,81.07,38.31,Current,2005-01-27,KY
LN000755,66012.02,338340.19,4.19,15,634,395446.28,85.56,35.39,Current,2005-01-27,TX
LN000756,137647.64,403024.39,3.91,30,570,570062.61,70.7,42.46,Current,2005-01-27,IL
LN000757,94866.36,289691.36,4.4,30,660,427009.38,67.84,24.78,Current,2005-01-27,PA
LN000758,88696.72,371465.59,3.68,15,678,420219.65,88.4,25.87,Current,2005-01-27,FL
LN000759,67832.84,420920.87,3.4,15,601,514641.74,81.79,49.65,Current,2005-01-27,NC
LN000760,99006.2,398618.58,4.72,30,635,598612.11,66.59,56.0,Delinquent,2005-01-27,IL
LN000761,73487.24,422997.34,4.72,20,676,575721.98,73.47,34.95,Current,2005-01-27,PA
LN000762,87440.2,355659.56,3.65,20,571,423941.47,83.89,52.15,Paid Off,2005-01-27,KY
LN000763,136201.69,305657.52,4.92,30,617,400013.04,76.41,27.28,Current,2005-01-27,OK
LN000764,83078.8,179852.56,3.78,20,668,226233.72,79.5,29.68,Current,2005-01-27,KY
LN000765,107985.47,281545.31,4.44,15,705,340800.06,82.61,49.57,Current,2005-01-27,NC
LN000766,70936.47,236756.51,4.87,20,759,300986.12,78.66,43.04,Delinquent,2005-01-27,FL
LN000767,84300.23,462820.7,4.22,20,747,607357.28,76.2,51.06,Default,2005-01-27,PA
LN000768,120416.01,286808.56,4.59,20,657,347695.51,82.49,39.69,Current,2005-01-27,MI
LN000769,72460.66,309240.36,3.86,30,625,377920.21,81.83,24.87,Current,2005-01-27,TX
LN000770,121248.97,341361.4,4.1,15,696,432671.69,78.9,37.24,Current,2005-01-27,KY
LN000771,99155.04,303270.18,4.1,20,622,428385.94,70.79,47.02,Current,2005-01-27,PA
LN000772,73750.66,427128.83,3.69,30,611,591801.32,72.17,33.67,Current,2005-01-27,IL
LN000773,97648.15,253301.3,4.12,20,634,284246.8,89.11,32.14,Current,2005-01-27,FL
LN000774,104451.09,314595.56,3.09,15,628,496430.06,63.37,39.84,Current,2005-01-27,TX
LN000775,97436.2,244314.71,3.88,20,670,358995.2,68.06,29.4,Default,2005-01-27,PA
LN000776,53595.51,200998.31,4.04,15,619,268814.75,74.77,37.96,Current,2005-01-27,CA
LN000777,70457.26,254117.32,4.06,20,654,298603.61,85.1,35.64,Current,2005-01-27,KY
LN000778,80049.63,297222.24,4.07,15,729,457897.09,64.91,30.1,Current,2005-01-27,MI
LN000779,83511.33,267802.33,4.2,20,656,392047.53,68.31,44.81,Current,2005-01-27,NC
LN000780,97413.44,248068.43,4.61,15,725,400278.57,61.97,41.46,Current,2005-01-27,FL
LN000781,88554.02,194526.19,4.91,20,710,239624.6,81.18,31.46,Current,2005-01-27,TX
LN000782,58293.11,293767.08,3.76,20,679,437503.11,67.15,34.85,Current,2005-01-27,TX
LN000783,92603.96,187145.97,3.35,30,632,261157.32,71.66,32.29,Paid Off,2005-01-27,NC
LN000784,97211.71,357004.2,3.47,30,702,486971.93,73.31,28.61,Default,2005-01-27,NY
LN000785,96195.81,306182.98,3.88,15,637,352991.74,86.74,18.02,Current,2005-01-27,MA
LN000786,106615.61,190683.64,3.99,20,649,263593.97,72.34,30.16,Current,2005-01-27,FL
LN000787,101678.44,276809.32,3.67,15,666,430116.99,64.36,28.76,Current,2005-01-27,TX
LN000788,94183.6,243588.27,3.28,30,649,321655.94,75.73,36.15,Current,2005-01-27,PA
LN000789,83596.69,323938.09,3.91,15,613,364430.96,88.89,39.41,Current,2005-01-27,NY
LN000790,51780.78,400533.78,4.39,15,573,511991.39,78.23,26.98,Current,2005-01-27,MA
LN000791,93592.36,159362.06,4.7,30,697,178054.95,89.5,38.73,Current,2005-01-27,MI
LN000792,89153.75,308626.96,3.83,20,678,362097.04,85.23,25.44,Delinquent,2005-01-27,IL
LN000793,90431.58,287990.04,3.94,15,563,471504.39,61.08,33.75,Current,2005-01-27,NC
LN000794,59465.03,350350.51,3.55,30,612,439300.03,79.75,28.98,Default,2005-01-27,PA
LN000795,63378.87,315989.75,4.23,20,658,460606.27,68.6,42.46,Current,2005-01-27,KY
LN000796,106063.06,243602.3,3.61,30,672,317237.97,76.79,36.17,Current,2005-01-27,MA
LN000797,84208.9,276070.95,4.68,15,574,403728.45,68.38,33.9,Current,2005-01-27,MI
LN000798,98630.01,240298.06,2.91,20,645,341012.23,70.47,28.75,Current,2005-01-27,MI
LN000799,85566.37,380700.54,3.98,20,676,434118.56,87.7,31.71,Current,2005-01-27,MI
LN000800,85595.12,301598.37,4.48,30,632,455591.51,66.2,53.29,Current,2005-01-27,MI
LN000801,103765.68,442589.3,4.39,30,662,513306.07,86.22,29.99,Current,2005-01-27,FL
LN000802,74679.11,295450.44,6.27,30,625,485030.91,60.91,39.79,Current,2005-01-27,KY
LN000803,86922.42,246869.49,4.51,20,695,393566.18,62.73,33.87,Current,2005-01-27,GA
LN000804,75754.49,186471.42,3.5,20,610,217738.06,85.64,39.51,Paid Off,2005-01-27,GA
LN000805,76310.08,164764.52,4.18,15,592,208782.88,78.92,43.37,Current,2005-01-27,FL
LN000806,78816.56,181189.8,2.92,20,651,219844.95,82.42,31.46,Current,2005-01-27,IL
LN000807,89442.68,320034.5,4.19,15,578,482833.86,66.28,42.1,Current,2005-01-27,MA
LN000808,75425.03,338154.38,3.63,30,544,444282.3,76.11,62.57,Current,2005-01-27,NY
LN000809,110115.12,181410.7,4.94,30,704,220918.49,82.12,40.68,Current,2005-01-27,CA
LN000810,67107.85,367127.87,3.84,20,600,465783.5,78.82,51.14,Current,2005-01-27,NC
LN000811,81262.57,263770.42,4.16,30,583,355720.83,74.15,39.81,Current,2005-01-27,TX
LN000812,76205.38,311009.48,3.77,30,609,350261.49,88.79,25.68,Current,2005-01-27,CA
LN000813,113939.56,420916.55,5.55,20,607,524279.78,80.28,37.76,Delinquent,2005-01-27,NC
LN000814,88931.1,367262.95,4.01,15,642,421016.08,87.23,31.7,Current,2005-01-27,GA
LN000815,105636.89,279860.2,5.62,20,595,341738.37,81.89,29.04,Current,2005-01-27,GA
LN000816,55288.79,233160.58,4.86,15,674,284120.74,82.06,34.27,Current,2005-01-27,IL
LN000817,90341.01,138613.84,4.61,20,682,222135.61,62.4,33.45,Current,2005-01-27,CA
LN000818,102792.62,246063.5,4.53,20,586,347626.18,70.78,24.4,Delinquent,2005-01-27,CA
LN000819,86645.68,284165.23,4.55,30,619,331383.84,85.75,62.08,Current,2005-01-27,NY
LN000820,106309.61,225961.54,2.8,20,623,337366.22,66.98,43.08,Current,2005-01-27,IL
LN000821,74654.23,290155.73,4.04,20,641,457188.88,63.47,37.44,Current,2005-01-27,IL
LN000822,113186.95,305763.89,4.88,15,704,438162.72,69.78,35.9,Current,2005-01-27,MI
LN000823,130977.96,283135.8,4.21,30,707,425044.99,66.61,47.02,Current,2005-01-27,MI
LN000824,77743.23,251249.81,3.2,15,774,286296.36,87.76,55.76,Current,2005-01-27,FL
LN000825,76089.95,312649.1,4.21,15,536,363380.68,86.04,41.85,Current,2005-01-27,MI
LN000826,114067.69,333145.55,5.53,30,603,444250.36,74.99,36.21,Current,2005-01-27,KY
LN000827,116591.44,218220.07,5.19,30,740,352876.7,61.84,49.73,Current,2005-01-27,IL
LN000828,74542.8,405819.93,4.2,30,559,498324.56,81.44,36.42,Current,2005-01-27,IL
LN000829,76596.26,292605.89,4.96,20,739,371787.99,78.7,39.35,Current,2005-01-27,PA
LN000830,79364.31,301413.72,3.98,30,657,338223.84,89.12,45.01,Delinquent,2005-01-27,MA
LN000831,58110.99,353116.08,2.97,30,659,459974.64,76.77,31.14,Current,2005-01-27,MA
LN000832,66626.96,317491.21,3.56,30,586,452964.76,70.09,14.24,Current,2005-01-27,MI
LN000833,64917.18,371485.25,5.42,15,627,491573.44,75.57,30.65,Current,2005-01-27,OK
LN000834,69644.05,321534.31,4.04,15,737,359747.0,89.38,42.73,Current,2005-01-27,CA
LN000835,84306.3,254067.2,4.07,20,647,314086.36,80.89,42.03,Current,2005-01-27,TX
LN000836,89684.29,327112.76,4.03,15,627,408078.44,80.16,48.43,Paid Off,2005-01-27,CA
LN000837,116010.01,214220.53,5.68,20,670,318683.58,67.22,31.03,Current,2005-01-27,NC
LN000838,65032.92,308141.98,5.47,15,640,374376.36,82.31,50.81,Current,2005-01-27,FL
LN000839,104686.45,297507.75,5.91,30,667,360579.81,82.51,36.85,Current,2005-01-27,FL
LN000840,80720.22,284391.24,4.13,15,607,409086.14,69.52,41.04,Current,2005-01-27,FL
LN000841,84010.73,290359.69,4.47,20,646,389684.84,74.51,44.04,Current,2005-01-27,KY
LN000842,98496.39,158861.32,3.11,15,617,230775.28,68.84,21.18,Default,2005-01-27,TX
LN000843,62545.56,258845.63,5.36,30,559,381997.09,67.76,24.95,Current,2005-01-27,MA
LN000844,92648.19,306963.37,3.37,20,674,505066.0,60.78,24.62,Current,2005-01-27,NY
LN000845,88329.04,311989.23,4.41,30,588,455084.35,68.56,45.72,Current,2005-01-27,MA
LN000846,94849.03,222924.36,3.43,30,641,290951.43,76.62,31.95,Current,2005-01-27,KY
LN000847,90783.37,394928.09,3.81,20,696,657686.94,60.05,55.28,Delinquent,2005-01-27,FL
LN000848,134106.0,235036.89,3.62,30,575,343136.72,68.5,35.03,Current,2005-01-27,KY
LN000849,72245.2,372709.29,3.79,30,680,431165.35,86.44,20.29,Current,2005-01-27,MA
LN000850,74380.06,332039.58,3.85,15,635,426734.22,77.81,28.28,Current,2005-01-27,NY
LN000851,72537.19,251532.95,3.84,30,601,321505.85,78.24,36.17,Delinquent,2005-01-27,OK
LN000852,73890.46,433148.32,4.88,30,751,600752.76,72.1,40.15,Delinquent,2005-01-27,TX
LN000853,72252.26,210477.24,3.42,30,649,262132.67,80.29,25.15,Current,2005-01-27,MI
LN000854,108780.33,368936.56,4.42,30,621,561564.52,65.7,40.68,Current,2005-01-27,KY
LN000855,113410.08,375043.67,5.16,20,610,443511.12,84.56,43.36,Current,2005-01-27,NC
LN000856,73585.07,249703.48,3.87,15,694,393229.66,63.5,28.59,Current,2005-01-27,MI
LN000857,68352.89,404434.9,3.71,30,619,507573.66,79.68,54.69,Current,2005-01-27,MA
LN000858,94428.31,281246.51,4.08,30,687,400439.37,70.23,29.67,Current,2005-01-27,TX
LN000859,73955.54,321652.02,5.13,20,649,390234.15,82.43,25.0,Current,2005-01-27,MA
LN000860,97658.64,319524.14,4.4,30,705,417717.18,76.49,19.71,Current,2005-01-27,MA
LN000861,89058.46,289926.84,3.85,20,597,394079.8,73.57,47.21,Paid Off,2005-01-27,NY
LN000862,54685.12,360810.62,4.61,15,604,554388.15,65.08,35.23,Current,2005-01-27,OK
LN000863,115950.1,359511.65,3.42,15,635,454476.04,79.1,30.21,Current,2005-01-27,TX
LN000864,120917.55,168860.1,4.76,30,640,189213.63,89.24,20.26,Current,2005-01-27,NC
LN000865,72744.23,397825.52,4.56,30,632,469310.4,84.77,31.11,Current,2005-01-27,FL
LN000866,77245.97,175313.1,4.02,30,781,283677.03,61.8,58.81,Current,2005-01-27,TX
LN000867,90717.31,377440.97,3.62,20,753,529467.64,71.29,13.56,Paid Off,2005-01-27,NC
LN000868,91689.14,384502.89,3.58,30,664,438092.61,87.77,28.68,Current,2005-01-27,IL
LN000869,98170.89,218177.52,4.65,30,670,290549.62,75.09,52.93,Paid Off,2005-01-27,FL
LN000870,125204.09,269188.93,5.17,15,638,337061.89,79.86,47.49,Current,2005-01-27,TX
LN000871,81461.06,217072.15,3.77,30,597,248428.89,87.38,29.29,Current,2005-01-27,MI
LN000872,69034.06,283880.92,4.59,15,640,329275.34,86.21,37.04,Current,2005-01-27,PA
LN000873,57413.62,276897.43,2.68,30,688,368927.94,75.05,39.63,Current,2005-01-27,PA
LN000874,70381.4,358474.54,3.81,15,715,490192.17,73.13,36.34,Current,2005-01-27,MA
LN000875,84337.46,398273.16,4.23,30,699,567415.22,70.19,52.84,Default,2005-01-27,FL
LN000876,120891.16,404676.29,3.57,15,574,496105.67,81.57,38.4,Delinquent,2005-01-27,TX
LN000877,74647.77,257837.4,3.55,20,635,375803.66,68.61,46.36,Default,2005-01-27,MA
LN000878,89475.76,284308.36,3.75,15,576,421218.61,67.5,36.82,Current,2005-01-27,CA
LN000879,84671.54,173742.14,4.47,15,708,245789.07,70.69,14.68,Default,2005-01-27,MA
LN000880,108767.87,239559.75,4.11,15,629,366767.86,65.32,23.08,Current,2005-01-27,KY
LN000881,135538.65,372363.87,2.57,30,647,460540.9,80.85,25.15,Current,2005-01-27,PA
LN000882,74382.62,421168.71,2.66,30,674,536608.01,78.49,32.51,Current,2005-01-27,CA
LN000883,75211.21,207423.83,3.79,30,788,278472.25,74.49,55.78,Current,2005-01-27,GA
LN000884,105883.22,255565.18,4.59,20,663,356388.21,71.71,38.62,Current,2005-01-27,NC
LN000885,98637.83,298019.57,2.19,20,638,341484.09,87.27,33.94,Current,2005-01-27,KY
LN000886,121934.15,321012.09,3.88,15,587,527341.07,60.87,47.39,Current,2005-01-27,FL
LN000887,96678.56,239279.74,3.86,20,722,288034.71,83.07,20.48,Paid Off,2005-01-27,MA
LN000888,77814.16,331804.58,5.29,15,640,381133.61,87.06,30.1,Current,2005-01-27,PA
LN000889,96813.1,264462.05,3.96,15,732,360348.49,73.39,28.63,Current,2005-01-27,MI
LN000890,107174.07,298916.08,4.54,15,705,390634.2,76.52,38.98,Delinquent,2005-01-27,OK
LN000891,101409.64,340971.32,4.36,20,626,386002.75,88.33,43.96,Paid Off,2005-01-27,NC
LN000892,95145.48,300481.67,2.65,30,580,452748.61,66.37,39.71,Current,2005-01-27,PA
LN000893,106333.49,267271.06,4.83,20,663,353514.23,75.6,39.87,Default,2005-01-27,NY
LN000894,108385.91,291779.26,4.41,15,619,393012.98,74.24,31.39,Paid Off,2005-01-27,PA
LN000895,112643.18,293372.78,4.63,15,651,433011.18,67.75,38.21,Paid Off,2005-01-27,OK
LN000896,97974.2,272249.17,7.19,20,702,321968.14,84.56,26.6,Paid Off,2005-01-27,OK
LN000897,81657.64,280590.3,2.69,15,567,322562.01,86.99,41.74,Current,2005-01-27,MA
LN000898,87934.27,419898.54,5.54,15,663,503125.71,83.46,29.99,Current,2005-01-27,FL
LN000899,109130.18,342068.96,4.03,20,687,519381.97,65.86,23.78,Current,2005-01-27,OK
LN000900,68661.29,277838.98,4.47,20,690,443814.8,62.6,35.38,Current,2005-01-27,PA
LN000901,92373.47,352271.58,4.22,20,581,450686.48,78.16,15.87,Current,2005-01-27,FL
LN000902,77133.22,274963.54,3.93,15,670,445553.19,61.71,49.74,Current,2005-01-27,TX
LN000903,85574.9,387984.35,3.82,15,710,483862.86,80.18,42.97,Current,2005-01-27,PA
LN000904,110569.04,327723.16,4.5,30,667,431710.43,75.91,38.37,Current,2005-01-27,IL
LN000905,88821.98,291952.34,3.11,30,644,365472.32,79.88,18.76,Current,2005-01-27,MA
LN000906,85928.73,333578.77,4.81,20,706,429288.0,77.71,28.0,Default,2005-01-27,KY
LN000907,57802.88,182184.29,3.94,30,615,250662.62,72.68,35.41,Current,2005-01-27,MA
LN000908,99925.07,215492.44,3.4,15,573,326373.57,66.03,32.37,Current,2005-01-27,OK
LN000909,97909.68,210455.62,3.91,30,639,304253.84,69.17,18.11,Current,2005-01-27,NC
LN000910,128265.09,310720.73,5.19,15,676,410273.53,75.74,21.84,Current,2005-01-27,MI
LN000911,78844.44,429938.62,3.85,20,701,540422.33,79.56,32.17,Paid Off,2005-01-27,GA
LN000912,89383.01,467347.51,4.52,20,676,560472.95,83.38,22.17,Current,2005-01-27,NY
LN000913,89987.67,347853.83,3.7,15,691,419024.66,83.02,48.71,Current,2005-01-27,IL
LN000914,116549.07,337563.34,4.82,30,702,378516.3,89.18,39.95,Current,2005-01-27,OK
LN000915,83094.09,164920.67,4.76,20,633,240495.93,68.58,26.97,Current,2005-01-27,PA
LN000916,90580.43,259299.47,5.64,20,642,417327.55,62.13,46.69,Current,2005-01-27,FL
LN000917,97157.93,240916.22,4.12,30,714,342357.85,70.37,44.68,Current,2005-01-27,IL
LN000918,88732.18,253436.43,4.75,30,589,307946.56,82.3,37.89,Current,2005-01-27,GA
LN000919,76071.33,287389.21,4.32,15,671,392912.29,73.14,34.6,Paid Off,2005-01-27,KY
LN000920,88881.8,264593.21,5.22,30,614,313003.4,84.53,32.02,Current,2005-01-27,FL
LN000921,106472.63,151552.51,3.71,30,705,198160.2,76.48,29.6,Current,2005-01-27,NY
LN000922,64469.69,356093.27,4.81,30,649,405140.6,87.89,21.63,Current,2005-01-27,CA
LN000923,87659.39,219544.27,4.1,15,650,248252.42,88.44,50.28,Current,2005-01-27,NY
LN000924,70997.58,317943.51,4.2,15,736,512158.41,62.08,29.79,Current,2005-01-27,MA
LN000925,108900.93,455556.2,4.32,20,596,618186.11,73.69,35.28,Current,2005-01-27,IL
LN000926,54536.26,231046.16,4.44,15,660,295113.27,78.29,25.9,Default,2005-01-27,MA
LN000927,73821.56,110228.44,4.16,20,640,162876.28,67.68,32.41,Current,2005-01-27,OK
LN000928,92544.24,278549.68,4.41,30,676,385737.15,72.21,63.51,Default,2005-01-27,TX
LN000929,116310.48,382571.97,5.43,20,746,476247.78,80.33,27.74,Current,2005-01-27,OK
LN000930,83684.99,446876.06,4.99,20,619,668955.84,66.8,49.49,Paid Off,2005-01-27,KY
LN000931,73896.01,207783.78,4.9,30,590,266186.61,78.06,34.72,Current,2005-01-27,MI
LN000932,122623.14,337252.44,3.91,20,609,416754.97,80.92,41.8,Current,2005-01-27,IL
LN000933,56039.72,265101.72,3.58,15,638,422709.38,62.71,47.45,Current,2005-01-27,NC
LN000934,41023.88,292053.87,4.97,15,653,389790.38,74.93,37.72,Paid Off,2005-01-27,NC
LN000935,93800.29,498325.75,4.91,15,655,733993.41,67.89,31.48,Default,2005-01-27,TX
LN000936,74958.92,187277.23,5.35,15,740,229136.9,81.73,33.14,Current,2005-01-27,FL
LN000937,64575.34,319030.47,3.8,20,731,485685.29,65.69,33.48,Current,2005-01-27,TX
LN000938,99167.13,335076.99,4.08,20,715,386179.61,86.77,53.64,Current,2005-01-27,KY
LN000939,89876.01,381433.97,3.02,30,775,523026.43,72.93,20.16,Current,2005-01-27,PA
LN000940,73718.43,307348.74,3.96,20,691,466103.0,65.94,17.29,Current,2005-01-27,MA
LN000941,59393.91,323103.79,5.0,20,705,441756.77,73.14,17.96,Default,2005-01-27,GA
LN000942,102449.15,270626.36,3.9,20,690,374505.53,72.26,26.06,Current,2005-01-27,OK
LN000943,98004.02,320184.52,4.73,30,682,439406.07,72.87,42.0,Current,2005-01-27,IL
LN000944,83016.48,274260.58,4.11,15,669,353579.68,77.57,42.61,Current,2005-01-27,MI
LN000945,121932.74,346617.89,4.49,20,630,458275.82,75.64,28.92,Current,2005-01-27,KY
LN000946,63598.3,272279.22,3.39,30,587,422182.09,64.49,34.72,Current,2005-01-27,CA
LN000947,54489.5,328282.53,4.31,30,643,529766.74,61.97,23.84,Current,2005-01-27,GA
LN000948,71161.84,297805.29,2.01,30,678,363698.5,81.88,24.76,Current,2005-01-27,KY
LN000949,84088.28,384453.77,4.11,15,653,500646.11,76.79,40.8,Delinquent,2005-01-27,CA
LN000950,89866.79,296145.47,3.03,20,596,418461.74,70.77,45.48,Current,2005-01-27,CA
LN000951,80175.28,167022.56,5.15,30,641,198244.63,84.25,30.23,Current,2005-01-27,CA
LN000952,92041.11,394644.11,4.83,15,639,550857.69,71.64,51.35,Current,2005-01-27,PA
LN000953,59969.21,232070.08,4.6,30,646,276672.6,83.88,44.66,Delinquent,2005-01-27,TX
LN000954,113875.29,250967.52,5.39,30,674,362813.04,69.17,50.92,Paid Off,2005-01-27,NC
LN000955,83356.98,255325.4,3.54,30,685,410587.64,62.19,31.99,Current,2005-01-27,NY
LN000956,107345.92,403082.86,5.56,30,624,458157.04,87.98,50.21,Current,2005-01-27,OK
LN000957,91854.51,139824.43,4.95,30,699,194642.51,71.84,56.8,Default,2005-01-27,CA
LN000958,94135.06,535331.14,4.07,15,706,638966.55,83.78,30.87,Current,2005-01-27,KY
LN000959,96395.35,379204.26,5.1,20,666,554600.38,68.37,33.46,Current,2005-01-27,FL
LN000960,93954.17,316742.92,3.42,20,683,398966.01,79.39,25.52,Default,2005-01-27,FL
LN000961,97854.46,295882.95,3.63,20,699,343254.37,86.2,23.56,Paid Off,2005-01-27,NC
LN000962,111583.05,321416.56,3.79,20,595,524767.55,61.25,23.67,Current,2005-01-27,IL
LN000963,88930.42,339084.18,3.85,15,702,399302.73,84.92,26.89,Current,2005-01-27,MA
LN000964,99180.08,348391.17,3.46,15,610,451634.97,77.14,37.75,Current,2005-01-27,CA
LN000965,83205.29,341670.33,5.17,15,615,436783.68,78.22,27.31,Current,2005-01-27,KY
LN000966,113802.34,306718.55,4.06,30,659,405204.58,75.69,37.44,Delinquent,2005-01-27,CA
LN000967,71472.15,285199.62,4.51,30,542,330726.61,86.23,37.65,Delinquent,2005-01-27,PA
LN000968,121018.81,288654.5,3.82,30,658,470865.21,61.3,30.3,Paid Off,2005-01-27,MA
LN000969,84196.84,285381.88,2.88,20,699,420725.78,67.83,34.37,Current,2005-01-27,CA
LN000970,56384.5,385032.76,4.45,30,567,446296.42,86.27,29.72,Current,2005-01-27,OK
LN000971,87562.09,344516.75,2.82,20,704,417240.16,82.57,31.89,Current,2005-01-27,FL
LN000972,71378.97,79470.85,4.2,30,615,131293.07,60.53,26.91,Current,2005-01-27,CA
LN000973,101812.87,349192.56,3.22,20,660,462444.3,75.51,35.84,Delinquent,2005-01-27,OK
LN000974,71947.52,314605.21,5.74,30,622,414569.64,75.89,28.99,Current,2005-01-27,OK
LN000975,76076.33,298596.84,4.93,30,678,414565.46,72.03,23.34,Current,2005-01-27,TX
LN000976,47209.19,270861.12,4.33,15,701,392997.75,68.92,40.93,Current,2005-01-27,OK
LN000977,75953.87,384308.45,5.2,30,682,477688.14,80.45,41.27,Paid Off,2005-01-27,MA
LN000978,36522.41,371064.48,3.62,30,649,560235.05,66.23,46.12,Delinquent,2005-01-27,FL
LN000979,53321.94,242034.17,4.66,15,626,288244.16,83.97,24.76,Default,2005-01-27,MI
LN000980,100208.29,330528.92,4.4,20,646,393060.46,84.09,30.19,Current,2005-01-27,IL
LN000981,100716.0,227125.74,4.45,15,682,313459.15,72.46,37.3,Current,2005-01-27,PA
LN000982,93509.15,196528.64,5.2,15,684,286876.15,68.51,29.98,Current,2005-01-27,FL
LN000983,65660.48,252996.21,4.8,20,677,369249.42,68.52,40.71,Current,2005-01-27,KY
LN000984,84045.77,364679.51,4.47,30,585,489708.18,74.47,39.98,Current,2005-01-27,IL
LN000985,84927.95,371484.38,3.01,20,648,455320.9,81.59,39.79,Current,2005-01-27,OK
LN000986,61832.71,338481.41,3.53,30,618,478310.37,70.77,49.6,Current,2005-01-27,CA
LN000987,115067.97,354382.18,4.16,30,683,452587.86,78.3,41.44,Current,2005-01-27,TX
LN000988,102547.25,338713.37,4.32,20,611,473893.78,71.47,36.54,Current,2005-01-27,IL
LN000989,80580.72,251888.88,3.4,15,672,364339.84,69.14,33.06,Current,2005-01-27,KY
LN000990,85537.72,332394.19,6.06,20,635,547188.89,60.75,33.76,Current,2005-01-27,KY
LN000991,89167.66,360030.71,5.39,30,556,598879.15,60.12,24.36,Current,2005-01-27,IL
LN000992,44165.3,356571.85,4.7,20,696,533660.53,66.82,17.34,Current,2005-01-27,TX
LN000993,80056.45,389168.5,4.3,20,648,539072.87,72.19,39.64,Current,2005-01-27,OK
LN000994,71360.32,353122.79,4.09,30,713,412826.43,85.54,47.24,Delinquent,2005-01-27,MI
LN000995,64967.6,326358.62,3.54,15,566,388732.6,83.95,31.7,Delinquent,2005-01-27,MA
LN000996,79377.99,380261.27,4.31,20,635,559084.77,68.01,50.87,Current,2005-01-27,KY
LN000997,120953.73,298010.91,4.44,30,639,442571.53,67.34,33.23,Current,2005-01-27,OK
LN000998,97816.86,233859.4,3.32,30,663,349985.91,66.82,15.46,Current,2005-01-27,MA
LN000999,73576.42,287769.98,4.5,20,583,410062.4,70.18,44.18,Current,2005-01-27,MA
LN001000,96451.66,244132.3,4.13,15,677,325744.44,74.95,30.21,Default,2005-01-27,KY
